[2026-09-25 21:12:55] local.ERROR: The /Users/mac/Herd/kantinsmk-go/bootstrap/cache directory must be present and writable. {"exception":"[object] (Exception(code: 0): The /Users/mac/Herd/kantinsmk-go/bootstrap/cache directory must be present and writable. at /Users/mac/Herd/kantinsmk-go/vendor/laravel/framework/src/Illuminate/Foundation/ProviderRepository.php:187)
[stacktrace]
#0 /Users/mac/Herd/kantinsmk-go/vendor/laravel/framework/src/Illuminate/Foundation/ProviderRepository.php(162): Illuminate\\Foundation\\ProviderRepository->writeManifest(Array)
#1 /Users/mac/Herd/kantinsmk-go/vendor/laravel/framework/src/Illuminate/Foundation/ProviderRepository.php(60): Illuminate\\Foundation\\ProviderRepository->compileManifest(Array)
#2 /Users/mac/Herd/kantinsmk-go/vendor/laravel/framework/src/Illuminate/Foundation/Application.php(871): Illuminate\\Foundation\\ProviderRepository->load(Array)
#3 /Users/mac/Herd/kantinsmk-go/vendor/laravel/framework/src/Illuminate/Foundation/Bootstrap/RegisterProviders.php(37): Illuminate\\Foundation\\Application->registerConfiguredProviders()
#4 /Users/mac/Herd/kantinsmk-go/vendor/laravel/framework/src/Illuminate/Foundation/Application.php(342): Illuminate\\Foundation\\Bootstrap\\RegisterProviders->bootstrap(Object(Illuminate\\Foundation\\Application))
#5 /Users/mac/Herd/kantinsmk-go/vendor/laravel/framework/src/Illuminate/Foundation/Console/Kernel.php(494): Illuminate\\Foundation\\Application->bootstrapWith(Array)
#6 /Users/mac/Herd/kantinsmk-go/storage/framework/lsp-c5c09ef420371324.php(5): Illuminate\\Foundation\\Console\\Kernel->bootstrap()
#7 {main}
"} 
[2026-09-25 21:14:14] local.ERROR: Please provide a valid cache path. {"exception":"[object] (InvalidArgumentException(code: 0): Please provide a valid cache path. at /Users/mac/Herd/kantinsmk-go/vendor/laravel/framework/src/Illuminate/View/Compilers/Compiler.php:75)
[stacktrace]
#0 /Users/mac/Herd/kantinsmk-go/vendor/laravel/framework/src/Illuminate/View/ViewServiceProvider.php(97): Illuminate\\View\\Compilers\\Compiler->__construct(Object(Illuminate\\Filesystem\\Filesystem), false, '', true, 'php', true)
#1 /Users/mac/Herd/kantinsmk-go/vendor/laravel/framework/src/Illuminate/Container/Container.php(1115): Illuminate\\View\\ViewServiceProvider->{closure:Illuminate\\View\\ViewServiceProvider::registerBladeCompiler():96}(Object(Illuminate\\Foundation\\Application), Array)
#2 /Users/mac/Herd/kantinsmk-go/vendor/laravel/framework/src/Illuminate/Container/Container.php(933): Illuminate\\Container\\Container->build(Object(Closure))
#3 /Users/mac/Herd/kantinsmk-go/vendor/laravel/framework/src/Illuminate/Foundation/Application.php(1078): Illuminate\\Container\\Container->resolve('blade.compiler', Array, true)
#4 /Users/mac/Herd/kantinsmk-go/vendor/laravel/framework/src/Illuminate/Container/Container.php(864): Illuminate\\Foundation\\Application->resolve('blade.compiler', Array)
#5 /Users/mac/Herd/kantinsmk-go/vendor/laravel/framework/src/Illuminate/Foundation/Application.php(1058): Illuminate\\Container\\Container->make('blade.compiler', Array)
#6 /Users/mac/Herd/kantinsmk-go/vendor/laravel/framework/src/Illuminate/Container/Container.php(1805): Illuminate\\Foundation\\Application->make('blade.compiler')
#7 /Users/mac/Herd/kantinsmk-go/vendor/laravel/framework/src/Illuminate/Support/Facades/Facade.php(240): Illuminate\\Container\\Container->offsetGet('blade.compiler')
#8 /Users/mac/Herd/kantinsmk-go/vendor/laravel/framework/src/Illuminate/Support/Facades/Facade.php(211): Illuminate\\Support\\Facades\\Facade::resolveFacadeInstance('blade.compiler')
#9 /Users/mac/Herd/kantinsmk-go/vendor/laravel/framework/src/Illuminate/Support/Facades/Facade.php(357): Illuminate\\Support\\Facades\\Facade::getFacadeRoot()
#10 /Users/mac/Herd/kantinsmk-go/vendor/livewire/livewire/src/Mechanisms/FrontendAssets/FrontendAssets.php(31): Illuminate\\Support\\Facades\\Facade::__callStatic('directive', Array)
#11 /Users/mac/Herd/kantinsmk-go/vendor/livewire/livewire/src/LivewireServiceProvider.php(77): Livewire\\Mechanisms\\FrontendAssets\\FrontendAssets->boot()
#12 /Users/mac/Herd/kantinsmk-go/vendor/livewire/livewire/src/LivewireServiceProvider.php(19): Livewire\\LivewireServiceProvider->bootMechanisms()
#13 /Users/mac/Herd/kantinsmk-go/vendor/laravel/framework/src/Illuminate/Container/BoundMethod.php(36): Livewire\\LivewireServiceProvider->boot()
#14 /Users/mac/Herd/kantinsmk-go/vendor/laravel/framework/src/Illuminate/Container/Util.php(43): Illuminate\\Container\\BoundMethod::{closure:Illuminate\\Container\\BoundMethod::call():35}()
#15 /Users/mac/Herd/kantinsmk-go/vendor/laravel/framework/src/Illuminate/Container/BoundMethod.php(96): Illuminate\\Container\\Util::unwrapIfClosure(Object(Closure))
#16 /Users/mac/Herd/kantinsmk-go/vendor/laravel/framework/src/Illuminate/Container/BoundMethod.php(35): Illuminate\\Container\\BoundMethod::callBoundMethod(Object(Illuminate\\Foundation\\Application), Array, Object(Closure))
#17 /Users/mac/Herd/kantinsmk-go/vendor/laravel/framework/src/Illuminate/Container/Container.php(799): Illuminate\\Container\\BoundMethod::call(Object(Illuminate\\Foundation\\Application), Array, Array, NULL)
#18 /Users/mac/Herd/kantinsmk-go/vendor/laravel/framework/src/Illuminate/Foundation/Application.php(1151): Illuminate\\Container\\Container->call(Array)
#19 /Users/mac/Herd/kantinsmk-go/vendor/laravel/framework/src/Illuminate/Foundation/Application.php(1132): Illuminate\\Foundation\\Application->bootProvider(Object(Livewire\\LivewireServiceProvider))
#20 [internal function]: Illuminate\\Foundation\\Application->{closure:Illuminate\\Foundation\\Application::boot():1131}(Object(Livewire\\LivewireServiceProvider), 'Livewire\\\\Livewi...')
#21 /Users/mac/Herd/kantinsmk-go/vendor/laravel/framework/src/Illuminate/Foundation/Application.php(1131): array_walk(Array, Object(Closure))
#22 /Users/mac/Herd/kantinsmk-go/vendor/laravel/framework/src/Illuminate/Foundation/Bootstrap/BootProviders.php(17): Illuminate\\Foundation\\Application->boot()
#23 /Users/mac/Herd/kantinsmk-go/vendor/laravel/framework/src/Illuminate/Foundation/Application.php(342): Illuminate\\Foundation\\Bootstrap\\BootProviders->bootstrap(Object(Illuminate\\Foundation\\Application))
#24 /Users/mac/Herd/kantinsmk-go/vendor/laravel/framework/src/Illuminate/Foundation/Console/Kernel.php(494): Illuminate\\Foundation\\Application->bootstrapWith(Array)
#25 /Users/mac/Herd/kantinsmk-go/vendor/laravel/framework/src/Illuminate/Foundation/Console/Kernel.php(196): Illuminate\\Foundation\\Console\\Kernel->bootstrap()
#26 /Users/mac/Herd/kantinsmk-go/vendor/laravel/framework/src/Illuminate/Foundation/Application.php(1235): Illuminate\\Foundation\\Console\\Kernel->handle(Object(Symfony\\Component\\Console\\Input\\ArgvInput), Object(Symfony\\Component\\Console\\Output\\ConsoleOutput))
#27 /Users/mac/Herd/kantinsmk-go/artisan(14): Illuminate\\Foundation\\Application->handleCommand(Object(Symfony\\Component\\Console\\Input\\ArgvInput))
#28 {main}
"} 
[2026-09-25 21:14:14] local.ERROR: Please provide a valid cache path. {"exception":"[object] (InvalidArgumentException(code: 0): Please provide a valid cache path. at /Users/mac/Herd/kantinsmk-go/vendor/laravel/framework/src/Illuminate/View/Compilers/Compiler.php:75)
[stacktrace]
#0 /Users/mac/Herd/kantinsmk-go/vendor/laravel/framework/src/Illuminate/View/ViewServiceProvider.php(97): Illuminate\\View\\Compilers\\Compiler->__construct(Object(Illuminate\\Filesystem\\Filesystem), false, '', true, 'php', true)
#1 /Users/mac/Herd/kantinsmk-go/vendor/laravel/framework/src/Illuminate/Container/Container.php(1115): Illuminate\\View\\ViewServiceProvider->{closure:Illuminate\\View\\ViewServiceProvider::registerBladeCompiler():96}(Object(Illuminate\\Foundation\\Application), Array)
#2 /Users/mac/Herd/kantinsmk-go/vendor/laravel/framework/src/Illuminate/Container/Container.php(933): Illuminate\\Container\\Container->build(Object(Closure))
#3 /Users/mac/Herd/kantinsmk-go/vendor/laravel/framework/src/Illuminate/Foundation/Application.php(1078): Illuminate\\Container\\Container->resolve('blade.compiler', Array, true)
#4 /Users/mac/Herd/kantinsmk-go/vendor/laravel/framework/src/Illuminate/Container/Container.php(864): Illuminate\\Foundation\\Application->resolve('blade.compiler', Array)
#5 /Users/mac/Herd/kantinsmk-go/vendor/laravel/framework/src/Illuminate/Foundation/Application.php(1058): Illuminate\\Container\\Container->make('blade.compiler', Array)
#6 /Users/mac/Herd/kantinsmk-go/vendor/laravel/framework/src/Illuminate/Container/Container.php(1805): Illuminate\\Foundation\\Application->make('blade.compiler')
#7 /Users/mac/Herd/kantinsmk-go/vendor/laravel/framework/src/Illuminate/Support/Facades/Facade.php(240): Illuminate\\Container\\Container->offsetGet('blade.compiler')
#8 /Users/mac/Herd/kantinsmk-go/vendor/laravel/framework/src/Illuminate/Support/Facades/Facade.php(211): Illuminate\\Support\\Facades\\Facade::resolveFacadeInstance('blade.compiler')
#9 /Users/mac/Herd/kantinsmk-go/vendor/laravel/framework/src/Illuminate/Support/Facades/Facade.php(357): Illuminate\\Support\\Facades\\Facade::getFacadeRoot()
#10 /Users/mac/Herd/kantinsmk-go/vendor/livewire/livewire/src/Mechanisms/FrontendAssets/FrontendAssets.php(31): Illuminate\\Support\\Facades\\Facade::__callStatic('directive', Array)
#11 /Users/mac/Herd/kantinsmk-go/vendor/livewire/livewire/src/LivewireServiceProvider.php(77): Livewire\\Mechanisms\\FrontendAssets\\FrontendAssets->boot()
#12 /Users/mac/Herd/kantinsmk-go/vendor/livewire/livewire/src/LivewireServiceProvider.php(19): Livewire\\LivewireServiceProvider->bootMechanisms()
#13 /Users/mac/Herd/kantinsmk-go/vendor/laravel/framework/src/Illuminate/Container/BoundMethod.php(36): Livewire\\LivewireServiceProvider->boot()
#14 /Users/mac/Herd/kantinsmk-go/vendor/laravel/framework/src/Illuminate/Container/Util.php(43): Illuminate\\Container\\BoundMethod::{closure:Illuminate\\Container\\BoundMethod::call():35}()
#15 /Users/mac/Herd/kantinsmk-go/vendor/laravel/framework/src/Illuminate/Container/BoundMethod.php(96): Illuminate\\Container\\Util::unwrapIfClosure(Object(Closure))
#16 /Users/mac/Herd/kantinsmk-go/vendor/laravel/framework/src/Illuminate/Container/BoundMethod.php(35): Illuminate\\Container\\BoundMethod::callBoundMethod(Object(Illuminate\\Foundation\\Application), Array, Object(Closure))
#17 /Users/mac/Herd/kantinsmk-go/vendor/laravel/framework/src/Illuminate/Container/Container.php(799): Illuminate\\Container\\BoundMethod::call(Object(Illuminate\\Foundation\\Application), Array, Array, NULL)
#18 /Users/mac/Herd/kantinsmk-go/vendor/laravel/framework/src/Illuminate/Foundation/Application.php(1151): Illuminate\\Container\\Container->call(Array)
#19 /Users/mac/Herd/kantinsmk-go/vendor/laravel/framework/src/Illuminate/Foundation/Application.php(1132): Illuminate\\Foundation\\Application->bootProvider(Object(Livewire\\LivewireServiceProvider))
#20 [internal function]: Illuminate\\Foundation\\Application->{closure:Illuminate\\Foundation\\Application::boot():1131}(Object(Livewire\\LivewireServiceProvider), 'Livewire\\\\Livewi...')
#21 /Users/mac/Herd/kantinsmk-go/vendor/laravel/framework/src/Illuminate/Foundation/Application.php(1131): array_walk(Array, Object(Closure))
#22 /Users/mac/Herd/kantinsmk-go/vendor/laravel/framework/src/Illuminate/Foundation/Bootstrap/BootProviders.php(17): Illuminate\\Foundation\\Application->boot()
#23 /Users/mac/Herd/kantinsmk-go/vendor/laravel/framework/src/Illuminate/Foundation/Application.php(342): Illuminate\\Foundation\\Bootstrap\\BootProviders->bootstrap(Object(Illuminate\\Foundation\\Application))
#24 /Users/mac/Herd/kantinsmk-go/vendor/laravel/framework/src/Illuminate/Foundation/Console/Kernel.php(494): Illuminate\\Foundation\\Application->bootstrapWith(Array)
#25 /Users/mac/Herd/kantinsmk-go/storage/framework/lsp-3ece67c3877a9f7d.php(5): Illuminate\\Foundation\\Console\\Kernel->bootstrap()
#26 {main}
"} 
[2026-09-25 21:14:14] local.ERROR: Please provide a valid cache path. {"exception":"[object] (InvalidArgumentException(code: 0): Please provide a valid cache path. at /Users/mac/Herd/kantinsmk-go/vendor/laravel/framework/src/Illuminate/View/Compilers/Compiler.php:75)
[stacktrace]
#0 /Users/mac/Herd/kantinsmk-go/vendor/laravel/framework/src/Illuminate/View/ViewServiceProvider.php(97): Illuminate\\View\\Compilers\\Compiler->__construct(Object(Illuminate\\Filesystem\\Filesystem), false, '', true, 'php', true)
#1 /Users/mac/Herd/kantinsmk-go/vendor/laravel/framework/src/Illuminate/Container/Container.php(1115): Illuminate\\View\\ViewServiceProvider->{closure:Illuminate\\View\\ViewServiceProvider::registerBladeCompiler():96}(Object(Illuminate\\Foundation\\Application), Array)
#2 /Users/mac/Herd/kantinsmk-go/vendor/laravel/framework/src/Illuminate/Container/Container.php(933): Illuminate\\Container\\Container->build(Object(Closure))
#3 /Users/mac/Herd/kantinsmk-go/vendor/laravel/framework/src/Illuminate/Foundation/Application.php(1078): Illuminate\\Container\\Container->resolve('blade.compiler', Array, true)
#4 /Users/mac/Herd/kantinsmk-go/vendor/laravel/framework/src/Illuminate/Container/Container.php(864): Illuminate\\Foundation\\Application->resolve('blade.compiler', Array)
#5 /Users/mac/Herd/kantinsmk-go/vendor/laravel/framework/src/Illuminate/Foundation/Application.php(1058): Illuminate\\Container\\Container->make('blade.compiler', Array)
#6 /Users/mac/Herd/kantinsmk-go/vendor/laravel/framework/src/Illuminate/Container/Container.php(1805): Illuminate\\Foundation\\Application->make('blade.compiler')
#7 /Users/mac/Herd/kantinsmk-go/vendor/laravel/framework/src/Illuminate/Support/Facades/Facade.php(240): Illuminate\\Container\\Container->offsetGet('blade.compiler')
#8 /Users/mac/Herd/kantinsmk-go/vendor/laravel/framework/src/Illuminate/Support/Facades/Facade.php(211): Illuminate\\Support\\Facades\\Facade::resolveFacadeInstance('blade.compiler')
#9 /Users/mac/Herd/kantinsmk-go/vendor/laravel/framework/src/Illuminate/Support/Facades/Facade.php(357): Illuminate\\Support\\Facades\\Facade::getFacadeRoot()
#10 /Users/mac/Herd/kantinsmk-go/vendor/livewire/livewire/src/Mechanisms/FrontendAssets/FrontendAssets.php(31): Illuminate\\Support\\Facades\\Facade::__callStatic('directive', Array)
#11 /Users/mac/Herd/kantinsmk-go/vendor/livewire/livewire/src/LivewireServiceProvider.php(77): Livewire\\Mechanisms\\FrontendAssets\\FrontendAssets->boot()
#12 /Users/mac/Herd/kantinsmk-go/vendor/livewire/livewire/src/LivewireServiceProvider.php(19): Livewire\\LivewireServiceProvider->bootMechanisms()
#13 /Users/mac/Herd/kantinsmk-go/vendor/laravel/framework/src/Illuminate/Container/BoundMethod.php(36): Livewire\\LivewireServiceProvider->boot()
#14 /Users/mac/Herd/kantinsmk-go/vendor/laravel/framework/src/Illuminate/Container/Util.php(43): Illuminate\\Container\\BoundMethod::{closure:Illuminate\\Container\\BoundMethod::call():35}()
#15 /Users/mac/Herd/kantinsmk-go/vendor/laravel/framework/src/Illuminate/Container/BoundMethod.php(96): Illuminate\\Container\\Util::unwrapIfClosure(Object(Closure))
#16 /Users/mac/Herd/kantinsmk-go/vendor/laravel/framework/src/Illuminate/Container/BoundMethod.php(35): Illuminate\\Container\\BoundMethod::callBoundMethod(Object(Illuminate\\Foundation\\Application), Array, Object(Closure))
#17 /Users/mac/Herd/kantinsmk-go/vendor/laravel/framework/src/Illuminate/Container/Container.php(799): Illuminate\\Container\\BoundMethod::call(Object(Illuminate\\Foundation\\Application), Array, Array, NULL)
#18 /Users/mac/Herd/kantinsmk-go/vendor/laravel/framework/src/Illuminate/Foundation/Application.php(1151): Illuminate\\Container\\Container->call(Array)
#19 /Users/mac/Herd/kantinsmk-go/vendor/laravel/framework/src/Illuminate/Foundation/Application.php(1132): Illuminate\\Foundation\\Application->bootProvider(Object(Livewire\\LivewireServiceProvider))
#20 [internal function]: Illuminate\\Foundation\\Application->{closure:Illuminate\\Foundation\\Application::boot():1131}(Object(Livewire\\LivewireServiceProvider), 'Livewire\\\\Livewi...')
#21 /Users/mac/Herd/kantinsmk-go/vendor/laravel/framework/src/Illuminate/Foundation/Application.php(1131): array_walk(Array, Object(Closure))
#22 /Users/mac/Herd/kantinsmk-go/vendor/laravel/framework/src/Illuminate/Foundation/Bootstrap/BootProviders.php(17): Illuminate\\Foundation\\Application->boot()
#23 /Users/mac/Herd/kantinsmk-go/vendor/laravel/framework/src/Illuminate/Foundation/Application.php(342): Illuminate\\Foundation\\Bootstrap\\BootProviders->bootstrap(Object(Illuminate\\Foundation\\Application))
#24 /Users/mac/Herd/kantinsmk-go/vendor/laravel/framework/src/Illuminate/Foundation/Console/Kernel.php(494): Illuminate\\Foundation\\Application->bootstrapWith(Array)
#25 /Users/mac/Herd/kantinsmk-go/vendor/laravel/framework/src/Illuminate/Foundation/Console/Kernel.php(196): Illuminate\\Foundation\\Console\\Kernel->bootstrap()
#26 /Users/mac/Herd/kantinsmk-go/vendor/laravel/framework/src/Illuminate/Foundation/Application.php(1235): Illuminate\\Foundation\\Console\\Kernel->handle(Object(Symfony\\Component\\Console\\Input\\ArgvInput), Object(Symfony\\Component\\Console\\Output\\ConsoleOutput))
#27 /Users/mac/Herd/kantinsmk-go/artisan(14): Illuminate\\Foundation\\Application->handleCommand(Object(Symfony\\Component\\Console\\Input\\ArgvInput))
#28 {main}
"} 
[2026-09-25 21:14:14] local.ERROR: Please provide a valid cache path. {"exception":"[object] (InvalidArgumentException(code: 0): Please provide a valid cache path. at /Users/mac/Herd/kantinsmk-go/vendor/laravel/framework/src/Illuminate/View/Compilers/Compiler.php:75)
[stacktrace]
#0 /Users/mac/Herd/kantinsmk-go/vendor/laravel/framework/src/Illuminate/View/ViewServiceProvider.php(97): Illuminate\\View\\Compilers\\Compiler->__construct(Object(Illuminate\\Filesystem\\Filesystem), false, '', true, 'php', true)
#1 /Users/mac/Herd/kantinsmk-go/vendor/laravel/framework/src/Illuminate/Container/Container.php(1115): Illuminate\\View\\ViewServiceProvider->{closure:Illuminate\\View\\ViewServiceProvider::registerBladeCompiler():96}(Object(Illuminate\\Foundation\\Application), Array)
#2 /Users/mac/Herd/kantinsmk-go/vendor/laravel/framework/src/Illuminate/Container/Container.php(933): Illuminate\\Container\\Container->build(Object(Closure))
#3 /Users/mac/Herd/kantinsmk-go/vendor/laravel/framework/src/Illuminate/Foundation/Application.php(1078): Illuminate\\Container\\Container->resolve('blade.compiler', Array, true)
#4 /Users/mac/Herd/kantinsmk-go/vendor/laravel/framework/src/Illuminate/Container/Container.php(864): Illuminate\\Foundation\\Application->resolve('blade.compiler', Array)
#5 /Users/mac/Herd/kantinsmk-go/vendor/laravel/framework/src/Illuminate/Foundation/Application.php(1058): Illuminate\\Container\\Container->make('blade.compiler', Array)
#6 /Users/mac/Herd/kantinsmk-go/vendor/laravel/framework/src/Illuminate/Container/Container.php(1805): Illuminate\\Foundation\\Application->make('blade.compiler')
#7 /Users/mac/Herd/kantinsmk-go/vendor/laravel/framework/src/Illuminate/Support/Facades/Facade.php(240): Illuminate\\Container\\Container->offsetGet('blade.compiler')
#8 /Users/mac/Herd/kantinsmk-go/vendor/laravel/framework/src/Illuminate/Support/Facades/Facade.php(211): Illuminate\\Support\\Facades\\Facade::resolveFacadeInstance('blade.compiler')
#9 /Users/mac/Herd/kantinsmk-go/vendor/laravel/framework/src/Illuminate/Support/Facades/Facade.php(357): Illuminate\\Support\\Facades\\Facade::getFacadeRoot()
#10 /Users/mac/Herd/kantinsmk-go/vendor/livewire/livewire/src/Mechanisms/FrontendAssets/FrontendAssets.php(31): Illuminate\\Support\\Facades\\Facade::__callStatic('directive', Array)
#11 /Users/mac/Herd/kantinsmk-go/vendor/livewire/livewire/src/LivewireServiceProvider.php(77): Livewire\\Mechanisms\\FrontendAssets\\FrontendAssets->boot()
#12 /Users/mac/Herd/kantinsmk-go/vendor/livewire/livewire/src/LivewireServiceProvider.php(19): Livewire\\LivewireServiceProvider->bootMechanisms()
#13 /Users/mac/Herd/kantinsmk-go/vendor/laravel/framework/src/Illuminate/Container/BoundMethod.php(36): Livewire\\LivewireServiceProvider->boot()
#14 /Users/mac/Herd/kantinsmk-go/vendor/laravel/framework/src/Illuminate/Container/Util.php(43): Illuminate\\Container\\BoundMethod::{closure:Illuminate\\Container\\BoundMethod::call():35}()
#15 /Users/mac/Herd/kantinsmk-go/vendor/laravel/framework/src/Illuminate/Container/BoundMethod.php(96): Illuminate\\Container\\Util::unwrapIfClosure(Object(Closure))
#16 /Users/mac/Herd/kantinsmk-go/vendor/laravel/framework/src/Illuminate/Container/BoundMethod.php(35): Illuminate\\Container\\BoundMethod::callBoundMethod(Object(Illuminate\\Foundation\\Application), Array, Object(Closure))
#17 /Users/mac/Herd/kantinsmk-go/vendor/laravel/framework/src/Illuminate/Container/Container.php(799): Illuminate\\Container\\BoundMethod::call(Object(Illuminate\\Foundation\\Application), Array, Array, NULL)
#18 /Users/mac/Herd/kantinsmk-go/vendor/laravel/framework/src/Illuminate/Foundation/Application.php(1151): Illuminate\\Container\\Container->call(Array)
#19 /Users/mac/Herd/kantinsmk-go/vendor/laravel/framework/src/Illuminate/Foundation/Application.php(1132): Illuminate\\Foundation\\Application->bootProvider(Object(Livewire\\LivewireServiceProvider))
#20 [internal function]: Illuminate\\Foundation\\Application->{closure:Illuminate\\Foundation\\Application::boot():1131}(Object(Livewire\\LivewireServiceProvider), 'Livewire\\\\Livewi...')
#21 /Users/mac/Herd/kantinsmk-go/vendor/laravel/framework/src/Illuminate/Foundation/Application.php(1131): array_walk(Array, Object(Closure))
#22 /Users/mac/Herd/kantinsmk-go/vendor/laravel/framework/src/Illuminate/Foundation/Bootstrap/BootProviders.php(17): Illuminate\\Foundation\\Application->boot()
#23 /Users/mac/Herd/kantinsmk-go/vendor/laravel/framework/src/Illuminate/Foundation/Application.php(342): Illuminate\\Foundation\\Bootstrap\\BootProviders->bootstrap(Object(Illuminate\\Foundation\\Application))
#24 /Users/mac/Herd/kantinsmk-go/vendor/laravel/framework/src/Illuminate/Foundation/Console/Kernel.php(494): Illuminate\\Foundation\\Application->bootstrapWith(Array)
#25 /Users/mac/Herd/kantinsmk-go/vendor/laravel/framework/src/Illuminate/Foundation/Console/Kernel.php(196): Illuminate\\Foundation\\Console\\Kernel->bootstrap()
#26 /Users/mac/Herd/kantinsmk-go/vendor/laravel/framework/src/Illuminate/Foundation/Application.php(1235): Illuminate\\Foundation\\Console\\Kernel->handle(Object(Symfony\\Component\\Console\\Input\\ArgvInput), Object(Symfony\\Component\\Console\\Output\\ConsoleOutput))
#27 /Users/mac/Herd/kantinsmk-go/artisan(14): Illuminate\\Foundation\\Application->handleCommand(Object(Symfony\\Component\\Console\\Input\\ArgvInput))
#28 {main}
"} 
[2026-09-25 21:14:15] local.ERROR: Please provide a valid cache path. {"exception":"[object] (InvalidArgumentException(code: 0): Please provide a valid cache path. at /Users/mac/Herd/kantinsmk-go/vendor/laravel/framework/src/Illuminate/View/Compilers/Compiler.php:75)
[stacktrace]
#0 /Users/mac/Herd/kantinsmk-go/vendor/laravel/framework/src/Illuminate/View/ViewServiceProvider.php(97): Illuminate\\View\\Compilers\\Compiler->__construct(Object(Illuminate\\Filesystem\\Filesystem), false, '', true, 'php', true)
#1 /Users/mac/Herd/kantinsmk-go/vendor/laravel/framework/src/Illuminate/Container/Container.php(1115): Illuminate\\View\\ViewServiceProvider->{closure:Illuminate\\View\\ViewServiceProvider::registerBladeCompiler():96}(Object(Illuminate\\Foundation\\Application), Array)
#2 /Users/mac/Herd/kantinsmk-go/vendor/laravel/framework/src/Illuminate/Container/Container.php(933): Illuminate\\Container\\Container->build(Object(Closure))
#3 /Users/mac/Herd/kantinsmk-go/vendor/laravel/framework/src/Illuminate/Foundation/Application.php(1078): Illuminate\\Container\\Container->resolve('blade.compiler', Array, true)
#4 /Users/mac/Herd/kantinsmk-go/vendor/laravel/framework/src/Illuminate/Container/Container.php(864): Illuminate\\Foundation\\Application->resolve('blade.compiler', Array)
#5 /Users/mac/Herd/kantinsmk-go/vendor/laravel/framework/src/Illuminate/Foundation/Application.php(1058): Illuminate\\Container\\Container->make('blade.compiler', Array)
#6 /Users/mac/Herd/kantinsmk-go/vendor/laravel/framework/src/Illuminate/Container/Container.php(1805): Illuminate\\Foundation\\Application->make('blade.compiler')
#7 /Users/mac/Herd/kantinsmk-go/vendor/laravel/framework/src/Illuminate/Support/Facades/Facade.php(240): Illuminate\\Container\\Container->offsetGet('blade.compiler')
#8 /Users/mac/Herd/kantinsmk-go/vendor/laravel/framework/src/Illuminate/Support/Facades/Facade.php(211): Illuminate\\Support\\Facades\\Facade::resolveFacadeInstance('blade.compiler')
#9 /Users/mac/Herd/kantinsmk-go/vendor/laravel/framework/src/Illuminate/Support/Facades/Facade.php(357): Illuminate\\Support\\Facades\\Facade::getFacadeRoot()
#10 /Users/mac/Herd/kantinsmk-go/vendor/livewire/livewire/src/Mechanisms/FrontendAssets/FrontendAssets.php(31): Illuminate\\Support\\Facades\\Facade::__callStatic('directive', Array)
#11 /Users/mac/Herd/kantinsmk-go/vendor/livewire/livewire/src/LivewireServiceProvider.php(77): Livewire\\Mechanisms\\FrontendAssets\\FrontendAssets->boot()
#12 /Users/mac/Herd/kantinsmk-go/vendor/livewire/livewire/src/LivewireServiceProvider.php(19): Livewire\\LivewireServiceProvider->bootMechanisms()
#13 /Users/mac/Herd/kantinsmk-go/vendor/laravel/framework/src/Illuminate/Container/BoundMethod.php(36): Livewire\\LivewireServiceProvider->boot()
#14 /Users/mac/Herd/kantinsmk-go/vendor/laravel/framework/src/Illuminate/Container/Util.php(43): Illuminate\\Container\\BoundMethod::{closure:Illuminate\\Container\\BoundMethod::call():35}()
#15 /Users/mac/Herd/kantinsmk-go/vendor/laravel/framework/src/Illuminate/Container/BoundMethod.php(96): Illuminate\\Container\\Util::unwrapIfClosure(Object(Closure))
#16 /Users/mac/Herd/kantinsmk-go/vendor/laravel/framework/src/Illuminate/Container/BoundMethod.php(35): Illuminate\\Container\\BoundMethod::callBoundMethod(Object(Illuminate\\Foundation\\Application), Array, Object(Closure))
#17 /Users/mac/Herd/kantinsmk-go/vendor/laravel/framework/src/Illuminate/Container/Container.php(799): Illuminate\\Container\\BoundMethod::call(Object(Illuminate\\Foundation\\Application), Array, Array, NULL)
#18 /Users/mac/Herd/kantinsmk-go/vendor/laravel/framework/src/Illuminate/Foundation/Application.php(1151): Illuminate\\Container\\Container->call(Array)
#19 /Users/mac/Herd/kantinsmk-go/vendor/laravel/framework/src/Illuminate/Foundation/Application.php(1132): Illuminate\\Foundation\\Application->bootProvider(Object(Livewire\\LivewireServiceProvider))
#20 [internal function]: Illuminate\\Foundation\\Application->{closure:Illuminate\\Foundation\\Application::boot():1131}(Object(Livewire\\LivewireServiceProvider), 'Livewire\\\\Livewi...')
#21 /Users/mac/Herd/kantinsmk-go/vendor/laravel/framework/src/Illuminate/Foundation/Application.php(1131): array_walk(Array, Object(Closure))
#22 /Users/mac/Herd/kantinsmk-go/vendor/laravel/framework/src/Illuminate/Foundation/Bootstrap/BootProviders.php(17): Illuminate\\Foundation\\Application->boot()
#23 /Users/mac/Herd/kantinsmk-go/vendor/laravel/framework/src/Illuminate/Foundation/Application.php(342): Illuminate\\Foundation\\Bootstrap\\BootProviders->bootstrap(Object(Illuminate\\Foundation\\Application))
#24 /Users/mac/Herd/kantinsmk-go/vendor/laravel/framework/src/Illuminate/Foundation/Console/Kernel.php(494): Illuminate\\Foundation\\Application->bootstrapWith(Array)
#25 /Users/mac/Herd/kantinsmk-go/storage/framework/lsp-c120d6821e144e6e.php(5): Illuminate\\Foundation\\Console\\Kernel->bootstrap()
#26 {main}
"} 
[2026-09-25 21:15:00] local.ERROR: Please provide a valid cache path. {"exception":"[object] (InvalidArgumentException(code: 0): Please provide a valid cache path. at /Users/mac/Herd/kantinsmk-go/vendor/laravel/framework/src/Illuminate/View/Compilers/Compiler.php:75)
[stacktrace]
#0 /Users/mac/Herd/kantinsmk-go/vendor/laravel/framework/src/Illuminate/View/ViewServiceProvider.php(97): Illuminate\\View\\Compilers\\Compiler->__construct(Object(Illuminate\\Filesystem\\Filesystem), false, '', true, 'php', true)
#1 /Users/mac/Herd/kantinsmk-go/vendor/laravel/framework/src/Illuminate/Container/Container.php(1115): Illuminate\\View\\ViewServiceProvider->{closure:Illuminate\\View\\ViewServiceProvider::registerBladeCompiler():96}(Object(Illuminate\\Foundation\\Application), Array)
#2 /Users/mac/Herd/kantinsmk-go/vendor/laravel/framework/src/Illuminate/Container/Container.php(933): Illuminate\\Container\\Container->build(Object(Closure))
#3 /Users/mac/Herd/kantinsmk-go/vendor/laravel/framework/src/Illuminate/Foundation/Application.php(1078): Illuminate\\Container\\Container->resolve('blade.compiler', Array, true)
#4 /Users/mac/Herd/kantinsmk-go/vendor/laravel/framework/src/Illuminate/Container/Container.php(864): Illuminate\\Foundation\\Application->resolve('blade.compiler', Array)
#5 /Users/mac/Herd/kantinsmk-go/vendor/laravel/framework/src/Illuminate/Foundation/Application.php(1058): Illuminate\\Container\\Container->make('blade.compiler', Array)
#6 /Users/mac/Herd/kantinsmk-go/vendor/laravel/framework/src/Illuminate/Container/Container.php(1805): Illuminate\\Foundation\\Application->make('blade.compiler')
#7 /Users/mac/Herd/kantinsmk-go/vendor/laravel/framework/src/Illuminate/Support/Facades/Facade.php(240): Illuminate\\Container\\Container->offsetGet('blade.compiler')
#8 /Users/mac/Herd/kantinsmk-go/vendor/laravel/framework/src/Illuminate/Support/Facades/Facade.php(211): Illuminate\\Support\\Facades\\Facade::resolveFacadeInstance('blade.compiler')
#9 /Users/mac/Herd/kantinsmk-go/vendor/laravel/framework/src/Illuminate/Support/Facades/Facade.php(357): Illuminate\\Support\\Facades\\Facade::getFacadeRoot()
#10 /Users/mac/Herd/kantinsmk-go/vendor/livewire/livewire/src/Mechanisms/FrontendAssets/FrontendAssets.php(31): Illuminate\\Support\\Facades\\Facade::__callStatic('directive', Array)
#11 /Users/mac/Herd/kantinsmk-go/vendor/livewire/livewire/src/LivewireServiceProvider.php(77): Livewire\\Mechanisms\\FrontendAssets\\FrontendAssets->boot()
#12 /Users/mac/Herd/kantinsmk-go/vendor/livewire/livewire/src/LivewireServiceProvider.php(19): Livewire\\LivewireServiceProvider->bootMechanisms()
#13 /Users/mac/Herd/kantinsmk-go/vendor/laravel/framework/src/Illuminate/Container/BoundMethod.php(36): Livewire\\LivewireServiceProvider->boot()
#14 /Users/mac/Herd/kantinsmk-go/vendor/laravel/framework/src/Illuminate/Container/Util.php(43): Illuminate\\Container\\BoundMethod::{closure:Illuminate\\Container\\BoundMethod::call():35}()
#15 /Users/mac/Herd/kantinsmk-go/vendor/laravel/framework/src/Illuminate/Container/BoundMethod.php(96): Illuminate\\Container\\Util::unwrapIfClosure(Object(Closure))
#16 /Users/mac/Herd/kantinsmk-go/vendor/laravel/framework/src/Illuminate/Container/BoundMethod.php(35): Illuminate\\Container\\BoundMethod::callBoundMethod(Object(Illuminate\\Foundation\\Application), Array, Object(Closure))
#17 /Users/mac/Herd/kantinsmk-go/vendor/laravel/framework/src/Illuminate/Container/Container.php(799): Illuminate\\Container\\BoundMethod::call(Object(Illuminate\\Foundation\\Application), Array, Array, NULL)
#18 /Users/mac/Herd/kantinsmk-go/vendor/laravel/framework/src/Illuminate/Foundation/Application.php(1151): Illuminate\\Container\\Container->call(Array)
#19 /Users/mac/Herd/kantinsmk-go/vendor/laravel/framework/src/Illuminate/Foundation/Application.php(1132): Illuminate\\Foundation\\Application->bootProvider(Object(Livewire\\LivewireServiceProvider))
#20 [internal function]: Illuminate\\Foundation\\Application->{closure:Illuminate\\Foundation\\Application::boot():1131}(Object(Livewire\\LivewireServiceProvider), 'Livewire\\\\Livewi...')
#21 /Users/mac/Herd/kantinsmk-go/vendor/laravel/framework/src/Illuminate/Foundation/Application.php(1131): array_walk(Array, Object(Closure))
#22 /Users/mac/Herd/kantinsmk-go/vendor/laravel/framework/src/Illuminate/Foundation/Bootstrap/BootProviders.php(17): Illuminate\\Foundation\\Application->boot()
#23 /Users/mac/Herd/kantinsmk-go/vendor/laravel/framework/src/Illuminate/Foundation/Application.php(342): Illuminate\\Foundation\\Bootstrap\\BootProviders->bootstrap(Object(Illuminate\\Foundation\\Application))
#24 /Users/mac/Herd/kantinsmk-go/vendor/laravel/framework/src/Illuminate/Foundation/Console/Kernel.php(494): Illuminate\\Foundation\\Application->bootstrapWith(Array)
#25 /Users/mac/Herd/kantinsmk-go/vendor/laravel/framework/src/Illuminate/Foundation/Console/Kernel.php(196): Illuminate\\Foundation\\Console\\Kernel->bootstrap()
#26 /Users/mac/Herd/kantinsmk-go/vendor/laravel/framework/src/Illuminate/Foundation/Application.php(1235): Illuminate\\Foundation\\Console\\Kernel->handle(Object(Symfony\\Component\\Console\\Input\\ArgvInput), Object(Symfony\\Component\\Console\\Output\\ConsoleOutput))
#27 /Users/mac/Herd/kantinsmk-go/artisan(14): Illuminate\\Foundation\\Application->handleCommand(Object(Symfony\\Component\\Console\\Input\\ArgvInput))
#28 {main}
"} 
[2026-09-25 21:40:05] local.ERROR: Failed to create broadcaster for connection "reverb" with error: Class "Pusher\Pusher" not found. {"exception":"[object] (RuntimeException(code: 0): Failed to create broadcaster for connection \"reverb\" with error: Class \"Pusher\\Pusher\" not found. at /Users/mac/Herd/kantinsmk-go/vendor/laravel/framework/src/Illuminate/Broadcasting/BroadcastManager.php:297)
[stacktrace]
#0 /Users/mac/Herd/kantinsmk-go/vendor/laravel/framework/src/Illuminate/Broadcasting/BroadcastManager.php(265): Illuminate\\Broadcasting\\BroadcastManager->resolve('reverb')
#1 /Users/mac/Herd/kantinsmk-go/vendor/laravel/framework/src/Illuminate/Broadcasting/BroadcastManager.php(254): Illuminate\\Broadcasting\\BroadcastManager->get('reverb')
#2 /Users/mac/Herd/kantinsmk-go/vendor/laravel/framework/src/Illuminate/Broadcasting/BroadcastManager.php(550): Illuminate\\Broadcasting\\BroadcastManager->driver()
#3 /Users/mac/Herd/kantinsmk-go/vendor/laravel/framework/src/Illuminate/Support/Facades/Facade.php(363): Illuminate\\Broadcasting\\BroadcastManager->__call('channel', Array)
#4 /Users/mac/Herd/kantinsmk-go/routes/channels.php(6): Illuminate\\Support\\Facades\\Facade::__callStatic('channel', Array)
#5 /Users/mac/Herd/kantinsmk-go/vendor/laravel/framework/src/Illuminate/Foundation/Configuration/ApplicationBuilder.php(132): require('/Users/mac/Herd...')
#6 /Users/mac/Herd/kantinsmk-go/vendor/laravel/framework/src/Illuminate/Foundation/Application.php(1194): Illuminate\\Foundation\\Configuration\\ApplicationBuilder->{closure:Illuminate\\Foundation\\Configuration\\ApplicationBuilder::withBroadcasting():128}(Object(Illuminate\\Foundation\\Application))
#7 /Users/mac/Herd/kantinsmk-go/vendor/laravel/framework/src/Illuminate/Foundation/Application.php(1137): Illuminate\\Foundation\\Application->fireAppCallbacks(Array)
#8 /Users/mac/Herd/kantinsmk-go/vendor/laravel/framework/src/Illuminate/Foundation/Bootstrap/BootProviders.php(17): Illuminate\\Foundation\\Application->boot()
#9 /Users/mac/Herd/kantinsmk-go/vendor/laravel/framework/src/Illuminate/Foundation/Application.php(342): Illuminate\\Foundation\\Bootstrap\\BootProviders->bootstrap(Object(Illuminate\\Foundation\\Application))
#10 /Users/mac/Herd/kantinsmk-go/vendor/laravel/framework/src/Illuminate/Foundation/Console/Kernel.php(494): Illuminate\\Foundation\\Application->bootstrapWith(Array)
#11 /Users/mac/Herd/kantinsmk-go/vendor/laravel/framework/src/Illuminate/Foundation/Console/Kernel.php(196): Illuminate\\Foundation\\Console\\Kernel->bootstrap()
#12 /Users/mac/Herd/kantinsmk-go/vendor/laravel/framework/src/Illuminate/Foundation/Application.php(1235): Illuminate\\Foundation\\Console\\Kernel->handle(Object(Symfony\\Component\\Console\\Input\\ArgvInput), Object(Symfony\\Component\\Console\\Output\\ConsoleOutput))
#13 /Users/mac/Herd/kantinsmk-go/artisan(14): Illuminate\\Foundation\\Application->handleCommand(Object(Symfony\\Component\\Console\\Input\\ArgvInput))
#14 {main}

[previous exception] [object] (Error(code: 0): Class \"Pusher\\Pusher\" not found at /Users/mac/Herd/kantinsmk-go/vendor/laravel/framework/src/Illuminate/Broadcasting/BroadcastManager.php:353)
[stacktrace]
#0 /Users/mac/Herd/kantinsmk-go/vendor/laravel/framework/src/Illuminate/Broadcasting/BroadcastManager.php(331): Illuminate\\Broadcasting\\BroadcastManager->pusher(Array)
#1 /Users/mac/Herd/kantinsmk-go/vendor/laravel/framework/src/Illuminate/Broadcasting/BroadcastManager.php(320): Illuminate\\Broadcasting\\BroadcastManager->createPusherDriver(Array)
#2 /Users/mac/Herd/kantinsmk-go/vendor/laravel/framework/src/Illuminate/Broadcasting/BroadcastManager.php(295): Illuminate\\Broadcasting\\BroadcastManager->createReverbDriver(Array)
#3 /Users/mac/Herd/kantinsmk-go/vendor/laravel/framework/src/Illuminate/Broadcasting/BroadcastManager.php(265): Illuminate\\Broadcasting\\BroadcastManager->resolve('reverb')
#4 /Users/mac/Herd/kantinsmk-go/vendor/laravel/framework/src/Illuminate/Broadcasting/BroadcastManager.php(254): Illuminate\\Broadcasting\\BroadcastManager->get('reverb')
#5 /Users/mac/Herd/kantinsmk-go/vendor/laravel/framework/src/Illuminate/Broadcasting/BroadcastManager.php(550): Illuminate\\Broadcasting\\BroadcastManager->driver()
#6 /Users/mac/Herd/kantinsmk-go/vendor/laravel/framework/src/Illuminate/Support/Facades/Facade.php(363): Illuminate\\Broadcasting\\BroadcastManager->__call('channel', Array)
#7 /Users/mac/Herd/kantinsmk-go/routes/channels.php(6): Illuminate\\Support\\Facades\\Facade::__callStatic('channel', Array)
#8 /Users/mac/Herd/kantinsmk-go/vendor/laravel/framework/src/Illuminate/Foundation/Configuration/ApplicationBuilder.php(132): require('/Users/mac/Herd...')
#9 /Users/mac/Herd/kantinsmk-go/vendor/laravel/framework/src/Illuminate/Foundation/Application.php(1194): Illuminate\\Foundation\\Configuration\\ApplicationBuilder->{closure:Illuminate\\Foundation\\Configuration\\ApplicationBuilder::withBroadcasting():128}(Object(Illuminate\\Foundation\\Application))
#10 /Users/mac/Herd/kantinsmk-go/vendor/laravel/framework/src/Illuminate/Foundation/Application.php(1137): Illuminate\\Foundation\\Application->fireAppCallbacks(Array)
#11 /Users/mac/Herd/kantinsmk-go/vendor/laravel/framework/src/Illuminate/Foundation/Bootstrap/BootProviders.php(17): Illuminate\\Foundation\\Application->boot()
#12 /Users/mac/Herd/kantinsmk-go/vendor/laravel/framework/src/Illuminate/Foundation/Application.php(342): Illuminate\\Foundation\\Bootstrap\\BootProviders->bootstrap(Object(Illuminate\\Foundation\\Application))
#13 /Users/mac/Herd/kantinsmk-go/vendor/laravel/framework/src/Illuminate/Foundation/Console/Kernel.php(494): Illuminate\\Foundation\\Application->bootstrapWith(Array)
#14 /Users/mac/Herd/kantinsmk-go/vendor/laravel/framework/src/Illuminate/Foundation/Console/Kernel.php(196): Illuminate\\Foundation\\Console\\Kernel->bootstrap()
#15 /Users/mac/Herd/kantinsmk-go/vendor/laravel/framework/src/Illuminate/Foundation/Application.php(1235): Illuminate\\Foundation\\Console\\Kernel->handle(Object(Symfony\\Component\\Console\\Input\\ArgvInput), Object(Symfony\\Component\\Console\\Output\\ConsoleOutput))
#16 /Users/mac/Herd/kantinsmk-go/artisan(14): Illuminate\\Foundation\\Application->handleCommand(Object(Symfony\\Component\\Console\\Input\\ArgvInput))
#17 {main}
"} 
[2026-09-25 21:40:34] local.ERROR: Failed to create broadcaster for connection "reverb" with error: Class "Pusher\Pusher" not found. {"exception":"[object] (RuntimeException(code: 0): Failed to create broadcaster for connection \"reverb\" with error: Class \"Pusher\\Pusher\" not found. at /Users/mac/Herd/kantinsmk-go/vendor/laravel/framework/src/Illuminate/Broadcasting/BroadcastManager.php:297)
[stacktrace]
#0 /Users/mac/Herd/kantinsmk-go/vendor/laravel/framework/src/Illuminate/Broadcasting/BroadcastManager.php(265): Illuminate\\Broadcasting\\BroadcastManager->resolve('reverb')
#1 /Users/mac/Herd/kantinsmk-go/vendor/laravel/framework/src/Illuminate/Broadcasting/BroadcastManager.php(254): Illuminate\\Broadcasting\\BroadcastManager->get('reverb')
#2 /Users/mac/Herd/kantinsmk-go/vendor/laravel/framework/src/Illuminate/Broadcasting/BroadcastManager.php(550): Illuminate\\Broadcasting\\BroadcastManager->driver()
#3 /Users/mac/Herd/kantinsmk-go/vendor/laravel/framework/src/Illuminate/Support/Facades/Facade.php(363): Illuminate\\Broadcasting\\BroadcastManager->__call('channel', Array)
#4 /Users/mac/Herd/kantinsmk-go/routes/channels.php(6): Illuminate\\Support\\Facades\\Facade::__callStatic('channel', Array)
#5 /Users/mac/Herd/kantinsmk-go/vendor/laravel/framework/src/Illuminate/Foundation/Configuration/ApplicationBuilder.php(132): require('/Users/mac/Herd...')
#6 /Users/mac/Herd/kantinsmk-go/vendor/laravel/framework/src/Illuminate/Foundation/Application.php(1194): Illuminate\\Foundation\\Configuration\\ApplicationBuilder->{closure:Illuminate\\Foundation\\Configuration\\ApplicationBuilder::withBroadcasting():128}(Object(Illuminate\\Foundation\\Application))
#7 /Users/mac/Herd/kantinsmk-go/vendor/laravel/framework/src/Illuminate/Foundation/Application.php(1137): Illuminate\\Foundation\\Application->fireAppCallbacks(Array)
#8 /Users/mac/Herd/kantinsmk-go/vendor/laravel/framework/src/Illuminate/Foundation/Bootstrap/BootProviders.php(17): Illuminate\\Foundation\\Application->boot()
#9 /Users/mac/Herd/kantinsmk-go/vendor/laravel/framework/src/Illuminate/Foundation/Application.php(342): Illuminate\\Foundation\\Bootstrap\\BootProviders->bootstrap(Object(Illuminate\\Foundation\\Application))
#10 /Users/mac/Herd/kantinsmk-go/vendor/laravel/framework/src/Illuminate/Foundation/Console/Kernel.php(494): Illuminate\\Foundation\\Application->bootstrapWith(Array)
#11 /Users/mac/Herd/kantinsmk-go/vendor/laravel/framework/src/Illuminate/Foundation/Console/Kernel.php(196): Illuminate\\Foundation\\Console\\Kernel->bootstrap()
#12 /Users/mac/Herd/kantinsmk-go/vendor/laravel/framework/src/Illuminate/Foundation/Application.php(1235): Illuminate\\Foundation\\Console\\Kernel->handle(Object(Symfony\\Component\\Console\\Input\\ArgvInput), Object(Symfony\\Component\\Console\\Output\\ConsoleOutput))
#13 /Users/mac/Herd/kantinsmk-go/artisan(14): Illuminate\\Foundation\\Application->handleCommand(Object(Symfony\\Component\\Console\\Input\\ArgvInput))
#14 {main}

[previous exception] [object] (Error(code: 0): Class \"Pusher\\Pusher\" not found at /Users/mac/Herd/kantinsmk-go/vendor/laravel/framework/src/Illuminate/Broadcasting/BroadcastManager.php:353)
[stacktrace]
#0 /Users/mac/Herd/kantinsmk-go/vendor/laravel/framework/src/Illuminate/Broadcasting/BroadcastManager.php(331): Illuminate\\Broadcasting\\BroadcastManager->pusher(Array)
#1 /Users/mac/Herd/kantinsmk-go/vendor/laravel/framework/src/Illuminate/Broadcasting/BroadcastManager.php(320): Illuminate\\Broadcasting\\BroadcastManager->createPusherDriver(Array)
#2 /Users/mac/Herd/kantinsmk-go/vendor/laravel/framework/src/Illuminate/Broadcasting/BroadcastManager.php(295): Illuminate\\Broadcasting\\BroadcastManager->createReverbDriver(Array)
#3 /Users/mac/Herd/kantinsmk-go/vendor/laravel/framework/src/Illuminate/Broadcasting/BroadcastManager.php(265): Illuminate\\Broadcasting\\BroadcastManager->resolve('reverb')
#4 /Users/mac/Herd/kantinsmk-go/vendor/laravel/framework/src/Illuminate/Broadcasting/BroadcastManager.php(254): Illuminate\\Broadcasting\\BroadcastManager->get('reverb')
#5 /Users/mac/Herd/kantinsmk-go/vendor/laravel/framework/src/Illuminate/Broadcasting/BroadcastManager.php(550): Illuminate\\Broadcasting\\BroadcastManager->driver()
#6 /Users/mac/Herd/kantinsmk-go/vendor/laravel/framework/src/Illuminate/Support/Facades/Facade.php(363): Illuminate\\Broadcasting\\BroadcastManager->__call('channel', Array)
#7 /Users/mac/Herd/kantinsmk-go/routes/channels.php(6): Illuminate\\Support\\Facades\\Facade::__callStatic('channel', Array)
#8 /Users/mac/Herd/kantinsmk-go/vendor/laravel/framework/src/Illuminate/Foundation/Configuration/ApplicationBuilder.php(132): require('/Users/mac/Herd...')
#9 /Users/mac/Herd/kantinsmk-go/vendor/laravel/framework/src/Illuminate/Foundation/Application.php(1194): Illuminate\\Foundation\\Configuration\\ApplicationBuilder->{closure:Illuminate\\Foundation\\Configuration\\ApplicationBuilder::withBroadcasting():128}(Object(Illuminate\\Foundation\\Application))
#10 /Users/mac/Herd/kantinsmk-go/vendor/laravel/framework/src/Illuminate/Foundation/Application.php(1137): Illuminate\\Foundation\\Application->fireAppCallbacks(Array)
#11 /Users/mac/Herd/kantinsmk-go/vendor/laravel/framework/src/Illuminate/Foundation/Bootstrap/BootProviders.php(17): Illuminate\\Foundation\\Application->boot()
#12 /Users/mac/Herd/kantinsmk-go/vendor/laravel/framework/src/Illuminate/Foundation/Application.php(342): Illuminate\\Foundation\\Bootstrap\\BootProviders->bootstrap(Object(Illuminate\\Foundation\\Application))
#13 /Users/mac/Herd/kantinsmk-go/vendor/laravel/framework/src/Illuminate/Foundation/Console/Kernel.php(494): Illuminate\\Foundation\\Application->bootstrapWith(Array)
#14 /Users/mac/Herd/kantinsmk-go/vendor/laravel/framework/src/Illuminate/Foundation/Console/Kernel.php(196): Illuminate\\Foundation\\Console\\Kernel->bootstrap()
#15 /Users/mac/Herd/kantinsmk-go/vendor/laravel/framework/src/Illuminate/Foundation/Application.php(1235): Illuminate\\Foundation\\Console\\Kernel->handle(Object(Symfony\\Component\\Console\\Input\\ArgvInput), Object(Symfony\\Component\\Console\\Output\\ConsoleOutput))
#16 /Users/mac/Herd/kantinsmk-go/artisan(14): Illuminate\\Foundation\\Application->handleCommand(Object(Symfony\\Component\\Console\\Input\\ArgvInput))
#17 {main}
"} 
[2026-09-25 21:41:46] local.ERROR: Failed to create broadcaster for connection "reverb" with error: Class "Pusher\Pusher" not found. {"exception":"[object] (RuntimeException(code: 0): Failed to create broadcaster for connection \"reverb\" with error: Class \"Pusher\\Pusher\" not found. at /Users/mac/Herd/kantinsmk-go/vendor/laravel/framework/src/Illuminate/Broadcasting/BroadcastManager.php:297)
[stacktrace]
#0 /Users/mac/Herd/kantinsmk-go/vendor/laravel/framework/src/Illuminate/Broadcasting/BroadcastManager.php(265): Illuminate\\Broadcasting\\BroadcastManager->resolve('reverb')
#1 /Users/mac/Herd/kantinsmk-go/vendor/laravel/framework/src/Illuminate/Broadcasting/BroadcastManager.php(254): Illuminate\\Broadcasting\\BroadcastManager->get('reverb')
#2 /Users/mac/Herd/kantinsmk-go/vendor/laravel/framework/src/Illuminate/Broadcasting/BroadcastManager.php(550): Illuminate\\Broadcasting\\BroadcastManager->driver()
#3 /Users/mac/Herd/kantinsmk-go/vendor/laravel/framework/src/Illuminate/Support/Facades/Facade.php(363): Illuminate\\Broadcasting\\BroadcastManager->__call('channel', Array)
#4 /Users/mac/Herd/kantinsmk-go/routes/channels.php(6): Illuminate\\Support\\Facades\\Facade::__callStatic('channel', Array)
#5 /Users/mac/Herd/kantinsmk-go/vendor/laravel/framework/src/Illuminate/Foundation/Configuration/ApplicationBuilder.php(132): require('/Users/mac/Herd...')
#6 /Users/mac/Herd/kantinsmk-go/vendor/laravel/framework/src/Illuminate/Foundation/Application.php(1194): Illuminate\\Foundation\\Configuration\\ApplicationBuilder->{closure:Illuminate\\Foundation\\Configuration\\ApplicationBuilder::withBroadcasting():128}(Object(Illuminate\\Foundation\\Application))
#7 /Users/mac/Herd/kantinsmk-go/vendor/laravel/framework/src/Illuminate/Foundation/Application.php(1137): Illuminate\\Foundation\\Application->fireAppCallbacks(Array)
#8 /Users/mac/Herd/kantinsmk-go/vendor/laravel/framework/src/Illuminate/Foundation/Bootstrap/BootProviders.php(17): Illuminate\\Foundation\\Application->boot()
#9 /Users/mac/Herd/kantinsmk-go/vendor/laravel/framework/src/Illuminate/Foundation/Application.php(342): Illuminate\\Foundation\\Bootstrap\\BootProviders->bootstrap(Object(Illuminate\\Foundation\\Application))
#10 /Users/mac/Herd/kantinsmk-go/vendor/laravel/framework/src/Illuminate/Foundation/Console/Kernel.php(494): Illuminate\\Foundation\\Application->bootstrapWith(Array)
#11 /Users/mac/Herd/kantinsmk-go/storage/framework/lsp-ae37abb52a953c74.php(5): Illuminate\\Foundation\\Console\\Kernel->bootstrap()
#12 {main}

[previous exception] [object] (Error(code: 0): Class \"Pusher\\Pusher\" not found at /Users/mac/Herd/kantinsmk-go/vendor/laravel/framework/src/Illuminate/Broadcasting/BroadcastManager.php:353)
[stacktrace]
#0 /Users/mac/Herd/kantinsmk-go/vendor/laravel/framework/src/Illuminate/Broadcasting/BroadcastManager.php(331): Illuminate\\Broadcasting\\BroadcastManager->pusher(Array)
#1 /Users/mac/Herd/kantinsmk-go/vendor/laravel/framework/src/Illuminate/Broadcasting/BroadcastManager.php(320): Illuminate\\Broadcasting\\BroadcastManager->createPusherDriver(Array)
#2 /Users/mac/Herd/kantinsmk-go/vendor/laravel/framework/src/Illuminate/Broadcasting/BroadcastManager.php(295): Illuminate\\Broadcasting\\BroadcastManager->createReverbDriver(Array)
#3 /Users/mac/Herd/kantinsmk-go/vendor/laravel/framework/src/Illuminate/Broadcasting/BroadcastManager.php(265): Illuminate\\Broadcasting\\BroadcastManager->resolve('reverb')
#4 /Users/mac/Herd/kantinsmk-go/vendor/laravel/framework/src/Illuminate/Broadcasting/BroadcastManager.php(254): Illuminate\\Broadcasting\\BroadcastManager->get('reverb')
#5 /Users/mac/Herd/kantinsmk-go/vendor/laravel/framework/src/Illuminate/Broadcasting/BroadcastManager.php(550): Illuminate\\Broadcasting\\BroadcastManager->driver()
#6 /Users/mac/Herd/kantinsmk-go/vendor/laravel/framework/src/Illuminate/Support/Facades/Facade.php(363): Illuminate\\Broadcasting\\BroadcastManager->__call('channel', Array)
#7 /Users/mac/Herd/kantinsmk-go/routes/channels.php(6): Illuminate\\Support\\Facades\\Facade::__callStatic('channel', Array)
#8 /Users/mac/Herd/kantinsmk-go/vendor/laravel/framework/src/Illuminate/Foundation/Configuration/ApplicationBuilder.php(132): require('/Users/mac/Herd...')
#9 /Users/mac/Herd/kantinsmk-go/vendor/laravel/framework/src/Illuminate/Foundation/Application.php(1194): Illuminate\\Foundation\\Configuration\\ApplicationBuilder->{closure:Illuminate\\Foundation\\Configuration\\ApplicationBuilder::withBroadcasting():128}(Object(Illuminate\\Foundation\\Application))
#10 /Users/mac/Herd/kantinsmk-go/vendor/laravel/framework/src/Illuminate/Foundation/Application.php(1137): Illuminate\\Foundation\\Application->fireAppCallbacks(Array)
#11 /Users/mac/Herd/kantinsmk-go/vendor/laravel/framework/src/Illuminate/Foundation/Bootstrap/BootProviders.php(17): Illuminate\\Foundation\\Application->boot()
#12 /Users/mac/Herd/kantinsmk-go/vendor/laravel/framework/src/Illuminate/Foundation/Application.php(342): Illuminate\\Foundation\\Bootstrap\\BootProviders->bootstrap(Object(Illuminate\\Foundation\\Application))
#13 /Users/mac/Herd/kantinsmk-go/vendor/laravel/framework/src/Illuminate/Foundation/Console/Kernel.php(494): Illuminate\\Foundation\\Application->bootstrapWith(Array)
#14 /Users/mac/Herd/kantinsmk-go/storage/framework/lsp-ae37abb52a953c74.php(5): Illuminate\\Foundation\\Console\\Kernel->bootstrap()
#15 {main}
"} 
[2026-09-25 21:41:46] local.ERROR: Failed to create broadcaster for connection "reverb" with error: Class "Pusher\Pusher" not found. {"exception":"[object] (RuntimeException(code: 0): Failed to create broadcaster for connection \"reverb\" with error: Class \"Pusher\\Pusher\" not found. at /Users/mac/Herd/kantinsmk-go/vendor/laravel/framework/src/Illuminate/Broadcasting/BroadcastManager.php:297)
[stacktrace]
#0 /Users/mac/Herd/kantinsmk-go/vendor/laravel/framework/src/Illuminate/Broadcasting/BroadcastManager.php(265): Illuminate\\Broadcasting\\BroadcastManager->resolve('reverb')
#1 /Users/mac/Herd/kantinsmk-go/vendor/laravel/framework/src/Illuminate/Broadcasting/BroadcastManager.php(254): Illuminate\\Broadcasting\\BroadcastManager->get('reverb')
#2 /Users/mac/Herd/kantinsmk-go/vendor/laravel/framework/src/Illuminate/Broadcasting/BroadcastManager.php(550): Illuminate\\Broadcasting\\BroadcastManager->driver()
#3 /Users/mac/Herd/kantinsmk-go/vendor/laravel/framework/src/Illuminate/Support/Facades/Facade.php(363): Illuminate\\Broadcasting\\BroadcastManager->__call('channel', Array)
#4 /Users/mac/Herd/kantinsmk-go/routes/channels.php(6): Illuminate\\Support\\Facades\\Facade::__callStatic('channel', Array)
#5 /Users/mac/Herd/kantinsmk-go/vendor/laravel/framework/src/Illuminate/Foundation/Configuration/ApplicationBuilder.php(132): require('/Users/mac/Herd...')
#6 /Users/mac/Herd/kantinsmk-go/vendor/laravel/framework/src/Illuminate/Foundation/Application.php(1194): Illuminate\\Foundation\\Configuration\\ApplicationBuilder->{closure:Illuminate\\Foundation\\Configuration\\ApplicationBuilder::withBroadcasting():128}(Object(Illuminate\\Foundation\\Application))
#7 /Users/mac/Herd/kantinsmk-go/vendor/laravel/framework/src/Illuminate/Foundation/Application.php(1137): Illuminate\\Foundation\\Application->fireAppCallbacks(Array)
#8 /Users/mac/Herd/kantinsmk-go/vendor/laravel/framework/src/Illuminate/Foundation/Bootstrap/BootProviders.php(17): Illuminate\\Foundation\\Application->boot()
#9 /Users/mac/Herd/kantinsmk-go/vendor/laravel/framework/src/Illuminate/Foundation/Application.php(342): Illuminate\\Foundation\\Bootstrap\\BootProviders->bootstrap(Object(Illuminate\\Foundation\\Application))
#10 /Users/mac/Herd/kantinsmk-go/vendor/laravel/framework/src/Illuminate/Foundation/Console/Kernel.php(494): Illuminate\\Foundation\\Application->bootstrapWith(Array)
#11 /Users/mac/Herd/kantinsmk-go/storage/framework/lsp-17dc3173479b0f73.php(5): Illuminate\\Foundation\\Console\\Kernel->bootstrap()
#12 {main}

[previous exception] [object] (Error(code: 0): Class \"Pusher\\Pusher\" not found at /Users/mac/Herd/kantinsmk-go/vendor/laravel/framework/src/Illuminate/Broadcasting/BroadcastManager.php:353)
[stacktrace]
#0 /Users/mac/Herd/kantinsmk-go/vendor/laravel/framework/src/Illuminate/Broadcasting/BroadcastManager.php(331): Illuminate\\Broadcasting\\BroadcastManager->pusher(Array)
#1 /Users/mac/Herd/kantinsmk-go/vendor/laravel/framework/src/Illuminate/Broadcasting/BroadcastManager.php(320): Illuminate\\Broadcasting\\BroadcastManager->createPusherDriver(Array)
#2 /Users/mac/Herd/kantinsmk-go/vendor/laravel/framework/src/Illuminate/Broadcasting/BroadcastManager.php(295): Illuminate\\Broadcasting\\BroadcastManager->createReverbDriver(Array)
#3 /Users/mac/Herd/kantinsmk-go/vendor/laravel/framework/src/Illuminate/Broadcasting/BroadcastManager.php(265): Illuminate\\Broadcasting\\BroadcastManager->resolve('reverb')
#4 /Users/mac/Herd/kantinsmk-go/vendor/laravel/framework/src/Illuminate/Broadcasting/BroadcastManager.php(254): Illuminate\\Broadcasting\\BroadcastManager->get('reverb')
#5 /Users/mac/Herd/kantinsmk-go/vendor/laravel/framework/src/Illuminate/Broadcasting/BroadcastManager.php(550): Illuminate\\Broadcasting\\BroadcastManager->driver()
#6 /Users/mac/Herd/kantinsmk-go/vendor/laravel/framework/src/Illuminate/Support/Facades/Facade.php(363): Illuminate\\Broadcasting\\BroadcastManager->__call('channel', Array)
#7 /Users/mac/Herd/kantinsmk-go/routes/channels.php(6): Illuminate\\Support\\Facades\\Facade::__callStatic('channel', Array)
#8 /Users/mac/Herd/kantinsmk-go/vendor/laravel/framework/src/Illuminate/Foundation/Configuration/ApplicationBuilder.php(132): require('/Users/mac/Herd...')
#9 /Users/mac/Herd/kantinsmk-go/vendor/laravel/framework/src/Illuminate/Foundation/Application.php(1194): Illuminate\\Foundation\\Configuration\\ApplicationBuilder->{closure:Illuminate\\Foundation\\Configuration\\ApplicationBuilder::withBroadcasting():128}(Object(Illuminate\\Foundation\\Application))
#10 /Users/mac/Herd/kantinsmk-go/vendor/laravel/framework/src/Illuminate/Foundation/Application.php(1137): Illuminate\\Foundation\\Application->fireAppCallbacks(Array)
#11 /Users/mac/Herd/kantinsmk-go/vendor/laravel/framework/src/Illuminate/Foundation/Bootstrap/BootProviders.php(17): Illuminate\\Foundation\\Application->boot()
#12 /Users/mac/Herd/kantinsmk-go/vendor/laravel/framework/src/Illuminate/Foundation/Application.php(342): Illuminate\\Foundation\\Bootstrap\\BootProviders->bootstrap(Object(Illuminate\\Foundation\\Application))
#13 /Users/mac/Herd/kantinsmk-go/vendor/laravel/framework/src/Illuminate/Foundation/Console/Kernel.php(494): Illuminate\\Foundation\\Application->bootstrapWith(Array)
#14 /Users/mac/Herd/kantinsmk-go/storage/framework/lsp-17dc3173479b0f73.php(5): Illuminate\\Foundation\\Console\\Kernel->bootstrap()
#15 {main}
"} 
[2026-09-25 21:48:50] local.ERROR: SQLSTATE[42S02]: Base table or view not found: 1146 Table 'kantinsmk_go.notifications' doesn't exist (Connection: mysql, Host: 127.0.0.1, Port: 3306, Database: kantinsmk_go, SQL: select * from `notifications` where `user_id` = 6 order by `created_at` desc limit 12) (View: /Users/mac/Herd/kantinsmk-go/resources/views/components/layouts/app.blade.php) (View: /Users/mac/Herd/kantinsmk-go/resources/views/components/layouts/app.blade.php) {"userId":6,"exception":"[object] (Illuminate\\View\\ViewException(code: 0): SQLSTATE[42S02]: Base table or view not found: 1146 Table 'kantinsmk_go.notifications' doesn't exist (Connection: mysql, Host: 127.0.0.1, Port: 3306, Database: kantinsmk_go, SQL: select * from `notifications` where `user_id` = 6 order by `created_at` desc limit 12) (View: /Users/mac/Herd/kantinsmk-go/resources/views/components/layouts/app.blade.php) (View: /Users/mac/Herd/kantinsmk-go/resources/views/components/layouts/app.blade.php) at /Users/mac/Herd/kantinsmk-go/vendor/laravel/framework/src/Illuminate/Database/Connection.php:838)
[stacktrace]
#0 /Users/mac/Herd/kantinsmk-go/vendor/livewire/livewire/src/Mechanisms/ExtendBlade/ExtendedCompilerEngine.php(58): Illuminate\\View\\Engines\\CompilerEngine->handleViewException(Object(Illuminate\\View\\ViewException), 1)
#1 /Users/mac/Herd/kantinsmk-go/vendor/laravel/framework/src/Illuminate/View/Engines/PhpEngine.php(59): Livewire\\Mechanisms\\ExtendBlade\\ExtendedCompilerEngine->handleViewException(Object(Illuminate\\View\\ViewException), 1)
#2 /Users/mac/Herd/kantinsmk-go/vendor/livewire/livewire/src/Mechanisms/ExtendBlade/ExtendedCompilerEngine.php(22): Illuminate\\View\\Engines\\PhpEngine->evaluatePath('/Users/mac/Herd...', Array)
#3 /Users/mac/Herd/kantinsmk-go/vendor/laravel/framework/src/Illuminate/View/Engines/CompilerEngine.php(76): Livewire\\Mechanisms\\ExtendBlade\\ExtendedCompilerEngine->evaluatePath('/Users/mac/Herd...', Array)
#4 /Users/mac/Herd/kantinsmk-go/vendor/livewire/livewire/src/Mechanisms/ExtendBlade/ExtendedCompilerEngine.php(10): Illuminate\\View\\Engines\\CompilerEngine->get('/Users/mac/Herd...', Array)
#5 /Users/mac/Herd/kantinsmk-go/vendor/laravel/framework/src/Illuminate/View/View.php(208): Livewire\\Mechanisms\\ExtendBlade\\ExtendedCompilerEngine->get('/Users/mac/Herd...', Array)
#6 /Users/mac/Herd/kantinsmk-go/vendor/laravel/framework/src/Illuminate/View/View.php(191): Illuminate\\View\\View->getContents()
#7 /Users/mac/Herd/kantinsmk-go/vendor/laravel/framework/src/Illuminate/View/View.php(160): Illuminate\\View\\View->renderContents()
#8 /Users/mac/Herd/kantinsmk-go/vendor/laravel/framework/src/Illuminate/View/Compilers/BladeCompiler.php(353): Illuminate\\View\\View->render()
#9 /Users/mac/Herd/kantinsmk-go/vendor/laravel/framework/src/Illuminate/Support/Facades/Facade.php(363): Illuminate\\View\\Compilers\\BladeCompiler::render('    <?php $layo...', Array)
#10 /Users/mac/Herd/kantinsmk-go/vendor/livewire/livewire/src/Features/SupportPageComponents/SupportPageComponents.php(153): Illuminate\\Support\\Facades\\Facade::__callStatic('render', Array)
#11 /Users/mac/Herd/kantinsmk-go/vendor/livewire/livewire/src/Features/SupportPageComponents/HandlesPageComponents.php(24): Livewire\\Features\\SupportPageComponents\\SupportPageComponents::renderContentsIntoLayout('<div wire:snaps...', Object(Livewire\\Features\\SupportPageComponents\\PageComponentConfig))
#12 /Users/mac/Herd/kantinsmk-go/vendor/laravel/framework/src/Illuminate/Routing/ControllerDispatcher.php(46): Livewire\\Component->__invoke()
#13 /Users/mac/Herd/kantinsmk-go/vendor/laravel/framework/src/Illuminate/Routing/Route.php(265): Illuminate\\Routing\\ControllerDispatcher->dispatch(Object(Illuminate\\Routing\\Route), Object(App\\Livewire\\Buyer\\Catalog), '__invoke')
#14 /Users/mac/Herd/kantinsmk-go/vendor/laravel/framework/src/Illuminate/Routing/Route.php(211): Illuminate\\Routing\\Route->runController()
#15 /Users/mac/Herd/kantinsmk-go/vendor/laravel/framework/src/Illuminate/Routing/Router.php(822): Illuminate\\Routing\\Route->run()
#16 /Users/mac/Herd/kantinsmk-go/vendor/laravel/framework/src/Illuminate/Pipeline/Pipeline.php(180): Illuminate\\Routing\\Router->{closure:Illuminate\\Routing\\Router::runRouteWithinStack():821}(Object(Illuminate\\Http\\Request))
#17 /Users/mac/Herd/kantinsmk-go/app/Http/Middleware/EnsureRole.php(38): Illuminate\\Pipeline\\Pipeline->{closure:Illuminate\\Pipeline\\Pipeline::prepareDestination():178}(Object(Illuminate\\Http\\Request))
#18 /Users/mac/Herd/kantinsmk-go/vendor/laravel/framework/src/Illuminate/Pipeline/Pipeline.php(219): App\\Http\\Middleware\\EnsureRole->handle(Object(Illuminate\\Http\\Request), Object(Closure), 'user')
#19 /Users/mac/Herd/kantinsmk-go/vendor/laravel/framework/src/Illuminate/Routing/Middleware/SubstituteBindings.php(50): Illuminate\\Pipeline\\Pipeline->{closure:{closure:Illuminate\\Pipeline\\Pipeline::carry():194}:195}(Object(Illuminate\\Http\\Request))
#20 /Users/mac/Herd/kantinsmk-go/vendor/laravel/framework/src/Illuminate/Pipeline/Pipeline.php(219): Illuminate\\Routing\\Middleware\\SubstituteBindings->handle(Object(Illuminate\\Http\\Request), Object(Closure))
#21 /Users/mac/Herd/kantinsmk-go/vendor/laravel/framework/src/Illuminate/Auth/Middleware/Authenticate.php(63): Illuminate\\Pipeline\\Pipeline->{closure:{closure:Illuminate\\Pipeline\\Pipeline::carry():194}:195}(Object(Illuminate\\Http\\Request))
#22 /Users/mac/Herd/kantinsmk-go/vendor/laravel/framework/src/Illuminate/Pipeline/Pipeline.php(219): Illuminate\\Auth\\Middleware\\Authenticate->handle(Object(Illuminate\\Http\\Request), Object(Closure))
#23 /Users/mac/Herd/kantinsmk-go/vendor/laravel/framework/src/Illuminate/Foundation/Http/Middleware/VerifyCsrfToken.php(87): Illuminate\\Pipeline\\Pipeline->{closure:{closure:Illuminate\\Pipeline\\Pipeline::carry():194}:195}(Object(Illuminate\\Http\\Request))
#24 /Users/mac/Herd/kantinsmk-go/vendor/laravel/framework/src/Illuminate/Pipeline/Pipeline.php(219): Illuminate\\Foundation\\Http\\Middleware\\VerifyCsrfToken->handle(Object(Illuminate\\Http\\Request), Object(Closure))
#25 /Users/mac/Herd/kantinsmk-go/vendor/laravel/framework/src/Illuminate/View/Middleware/ShareErrorsFromSession.php(48): Illuminate\\Pipeline\\Pipeline->{closure:{closure:Illuminate\\Pipeline\\Pipeline::carry():194}:195}(Object(Illuminate\\Http\\Request))
#26 /Users/mac/Herd/kantinsmk-go/vendor/laravel/framework/src/Illuminate/Pipeline/Pipeline.php(219): Illuminate\\View\\Middleware\\ShareErrorsFromSession->handle(Object(Illuminate\\Http\\Request), Object(Closure))
#27 /Users/mac/Herd/kantinsmk-go/vendor/laravel/framework/src/Illuminate/Session/Middleware/StartSession.php(120): Illuminate\\Pipeline\\Pipeline->{closure:{closure:Illuminate\\Pipeline\\Pipeline::carry():194}:195}(Object(Illuminate\\Http\\Request))
#28 /Users/mac/Herd/kantinsmk-go/vendor/laravel/framework/src/Illuminate/Session/Middleware/StartSession.php(63): Illuminate\\Session\\Middleware\\StartSession->handleStatefulRequest(Object(Illuminate\\Http\\Request), Object(Illuminate\\Session\\Store), Object(Closure))
#29 /Users/mac/Herd/kantinsmk-go/vendor/laravel/framework/src/Illuminate/Pipeline/Pipeline.php(219): Illuminate\\Session\\Middleware\\StartSession->handle(Object(Illuminate\\Http\\Request), Object(Closure))
#30 /Users/mac/Herd/kantinsmk-go/vendor/laravel/framework/src/Illuminate/Cookie/Middleware/AddQueuedCookiesToResponse.php(36): Illuminate\\Pipeline\\Pipeline->{closure:{closure:Illuminate\\Pipeline\\Pipeline::carry():194}:195}(Object(Illuminate\\Http\\Request))
#31 /Users/mac/Herd/kantinsmk-go/vendor/laravel/framework/src/Illuminate/Pipeline/Pipeline.php(219): Illuminate\\Cookie\\Middleware\\AddQueuedCookiesToResponse->handle(Object(Illuminate\\Http\\Request), Object(Closure))
#32 /Users/mac/Herd/kantinsmk-go/vendor/laravel/framework/src/Illuminate/Cookie/Middleware/EncryptCookies.php(74): Illuminate\\Pipeline\\Pipeline->{closure:{closure:Illuminate\\Pipeline\\Pipeline::carry():194}:195}(Object(Illuminate\\Http\\Request))
#33 /Users/mac/Herd/kantinsmk-go/vendor/laravel/framework/src/Illuminate/Pipeline/Pipeline.php(219): Illuminate\\Cookie\\Middleware\\EncryptCookies->handle(Object(Illuminate\\Http\\Request), Object(Closure))
#34 /Users/mac/Herd/kantinsmk-go/vendor/laravel/framework/src/Illuminate/Pipeline/Pipeline.php(137): Illuminate\\Pipeline\\Pipeline->{closure:{closure:Illuminate\\Pipeline\\Pipeline::carry():194}:195}(Object(Illuminate\\Http\\Request))
#35 /Users/mac/Herd/kantinsmk-go/vendor/laravel/framework/src/Illuminate/Routing/Router.php(821): Illuminate\\Pipeline\\Pipeline->then(Object(Closure))
#36 /Users/mac/Herd/kantinsmk-go/vendor/laravel/framework/src/Illuminate/Routing/Router.php(800): Illuminate\\Routing\\Router->runRouteWithinStack(Object(Illuminate\\Routing\\Route), Object(Illuminate\\Http\\Request))
#37 /Users/mac/Herd/kantinsmk-go/vendor/laravel/framework/src/Illuminate/Routing/Router.php(764): Illuminate\\Routing\\Router->runRoute(Object(Illuminate\\Http\\Request), Object(Illuminate\\Routing\\Route))
#38 /Users/mac/Herd/kantinsmk-go/vendor/laravel/framework/src/Illuminate/Routing/Router.php(753): Illuminate\\Routing\\Router->dispatchToRoute(Object(Illuminate\\Http\\Request))
#39 /Users/mac/Herd/kantinsmk-go/vendor/laravel/framework/src/Illuminate/Foundation/Http/Kernel.php(200): Illuminate\\Routing\\Router->dispatch(Object(Illuminate\\Http\\Request))
#40 /Users/mac/Herd/kantinsmk-go/vendor/laravel/framework/src/Illuminate/Pipeline/Pipeline.php(180): Illuminate\\Foundation\\Http\\Kernel->{closure:Illuminate\\Foundation\\Http\\Kernel::dispatchToRouter():197}(Object(Illuminate\\Http\\Request))
#41 /Users/mac/Herd/kantinsmk-go/vendor/livewire/livewire/src/Features/SupportDisablingBackButtonCache/DisableBackButtonCacheMiddleware.php(19): Illuminate\\Pipeline\\Pipeline->{closure:Illuminate\\Pipeline\\Pipeline::prepareDestination():178}(Object(Illuminate\\Http\\Request))
#42 /Users/mac/Herd/kantinsmk-go/vendor/laravel/framework/src/Illuminate/Pipeline/Pipeline.php(219): Livewire\\Features\\SupportDisablingBackButtonCache\\DisableBackButtonCacheMiddleware->handle(Object(Illuminate\\Http\\Request), Object(Closure))
#43 /Users/mac/Herd/kantinsmk-go/vendor/laravel/framework/src/Illuminate/Foundation/Http/Middleware/TransformsRequest.php(21): Illuminate\\Pipeline\\Pipeline->{closure:{closure:Illuminate\\Pipeline\\Pipeline::carry():194}:195}(Object(Illuminate\\Http\\Request))
#44 /Users/mac/Herd/kantinsmk-go/vendor/laravel/framework/src/Illuminate/Foundation/Http/Middleware/ConvertEmptyStringsToNull.php(31): Illuminate\\Foundation\\Http\\Middleware\\TransformsRequest->handle(Object(Illuminate\\Http\\Request), Object(Closure))
#45 /Users/mac/Herd/kantinsmk-go/vendor/laravel/framework/src/Illuminate/Pipeline/Pipeline.php(219): Illuminate\\Foundation\\Http\\Middleware\\ConvertEmptyStringsToNull->handle(Object(Illuminate\\Http\\Request), Object(Closure))
#46 /Users/mac/Herd/kantinsmk-go/vendor/laravel/framework/src/Illuminate/Foundation/Http/Middleware/TransformsRequest.php(21): Illuminate\\Pipeline\\Pipeline->{closure:{closure:Illuminate\\Pipeline\\Pipeline::carry():194}:195}(Object(Illuminate\\Http\\Request))
#47 /Users/mac/Herd/kantinsmk-go/vendor/laravel/framework/src/Illuminate/Foundation/Http/Middleware/TrimStrings.php(51): Illuminate\\Foundation\\Http\\Middleware\\TransformsRequest->handle(Object(Illuminate\\Http\\Request), Object(Closure))
#48 /Users/mac/Herd/kantinsmk-go/vendor/laravel/framework/src/Illuminate/Pipeline/Pipeline.php(219): Illuminate\\Foundation\\Http\\Middleware\\TrimStrings->handle(Object(Illuminate\\Http\\Request), Object(Closure))
#49 /Users/mac/Herd/kantinsmk-go/vendor/laravel/framework/src/Illuminate/Http/Middleware/ValidatePostSize.php(27): Illuminate\\Pipeline\\Pipeline->{closure:{closure:Illuminate\\Pipeline\\Pipeline::carry():194}:195}(Object(Illuminate\\Http\\Request))
#50 /Users/mac/Herd/kantinsmk-go/vendor/laravel/framework/src/Illuminate/Pipeline/Pipeline.php(219): Illuminate\\Http\\Middleware\\ValidatePostSize->handle(Object(Illuminate\\Http\\Request), Object(Closure))
#51 /Users/mac/Herd/kantinsmk-go/vendor/laravel/framework/src/Illuminate/Foundation/Http/Middleware/PreventRequestsDuringMaintenance.php(109): Illuminate\\Pipeline\\Pipeline->{closure:{closure:Illuminate\\Pipeline\\Pipeline::carry():194}:195}(Object(Illuminate\\Http\\Request))
#52 /Users/mac/Herd/kantinsmk-go/vendor/laravel/framework/src/Illuminate/Pipeline/Pipeline.php(219): Illuminate\\Foundation\\Http\\Middleware\\PreventRequestsDuringMaintenance->handle(Object(Illuminate\\Http\\Request), Object(Closure))
#53 /Users/mac/Herd/kantinsmk-go/vendor/laravel/framework/src/Illuminate/Http/Middleware/HandleCors.php(61): Illuminate\\Pipeline\\Pipeline->{closure:{closure:Illuminate\\Pipeline\\Pipeline::carry():194}:195}(Object(Illuminate\\Http\\Request))
#54 /Users/mac/Herd/kantinsmk-go/vendor/laravel/framework/src/Illuminate/Pipeline/Pipeline.php(219): Illuminate\\Http\\Middleware\\HandleCors->handle(Object(Illuminate\\Http\\Request), Object(Closure))
#55 /Users/mac/Herd/kantinsmk-go/vendor/laravel/framework/src/Illuminate/Http/Middleware/TrustProxies.php(58): Illuminate\\Pipeline\\Pipeline->{closure:{closure:Illuminate\\Pipeline\\Pipeline::carry():194}:195}(Object(Illuminate\\Http\\Request))
#56 /Users/mac/Herd/kantinsmk-go/vendor/laravel/framework/src/Illuminate/Pipeline/Pipeline.php(219): Illuminate\\Http\\Middleware\\TrustProxies->handle(Object(Illuminate\\Http\\Request), Object(Closure))
#57 /Users/mac/Herd/kantinsmk-go/vendor/laravel/framework/src/Illuminate/Foundation/Http/Middleware/InvokeDeferredCallbacks.php(22): Illuminate\\Pipeline\\Pipeline->{closure:{closure:Illuminate\\Pipeline\\Pipeline::carry():194}:195}(Object(Illuminate\\Http\\Request))
#58 /Users/mac/Herd/kantinsmk-go/vendor/laravel/framework/src/Illuminate/Pipeline/Pipeline.php(219): Illuminate\\Foundation\\Http\\Middleware\\InvokeDeferredCallbacks->handle(Object(Illuminate\\Http\\Request), Object(Closure))
#59 /Users/mac/Herd/kantinsmk-go/vendor/laravel/framework/src/Illuminate/Http/Middleware/ValidatePathEncoding.php(26): Illuminate\\Pipeline\\Pipeline->{closure:{closure:Illuminate\\Pipeline\\Pipeline::carry():194}:195}(Object(Illuminate\\Http\\Request))
#60 /Users/mac/Herd/kantinsmk-go/vendor/laravel/framework/src/Illuminate/Pipeline/Pipeline.php(219): Illuminate\\Http\\Middleware\\ValidatePathEncoding->handle(Object(Illuminate\\Http\\Request), Object(Closure))
#61 /Users/mac/Herd/kantinsmk-go/vendor/laravel/framework/src/Illuminate/Pipeline/Pipeline.php(137): Illuminate\\Pipeline\\Pipeline->{closure:{closure:Illuminate\\Pipeline\\Pipeline::carry():194}:195}(Object(Illuminate\\Http\\Request))
#62 /Users/mac/Herd/kantinsmk-go/vendor/laravel/framework/src/Illuminate/Foundation/Http/Kernel.php(175): Illuminate\\Pipeline\\Pipeline->then(Object(Closure))
#63 /Users/mac/Herd/kantinsmk-go/vendor/laravel/framework/src/Illuminate/Foundation/Http/Kernel.php(144): Illuminate\\Foundation\\Http\\Kernel->sendRequestThroughRouter(Object(Illuminate\\Http\\Request))
#64 /Users/mac/Herd/kantinsmk-go/vendor/laravel/framework/src/Illuminate/Foundation/Application.php(1220): Illuminate\\Foundation\\Http\\Kernel->handle(Object(Illuminate\\Http\\Request))
#65 /Users/mac/Herd/kantinsmk-go/public/index.php(17): Illuminate\\Foundation\\Application->handleRequest(Object(Illuminate\\Http\\Request))
#66 /Applications/Herd.app/Contents/Resources/valet/server.php(168): require('/Users/mac/Herd...')
#67 {main}

[previous exception] [object] (Illuminate\\View\\ViewException(code: 0): SQLSTATE[42S02]: Base table or view not found: 1146 Table 'kantinsmk_go.notifications' doesn't exist (Connection: mysql, Host: 127.0.0.1, Port: 3306, Database: kantinsmk_go, SQL: select * from `notifications` where `user_id` = 6 order by `created_at` desc limit 12) (View: /Users/mac/Herd/kantinsmk-go/resources/views/components/layouts/app.blade.php) at /Users/mac/Herd/kantinsmk-go/vendor/laravel/framework/src/Illuminate/Database/Connection.php:838)
[stacktrace]
#0 /Users/mac/Herd/kantinsmk-go/vendor/livewire/livewire/src/Mechanisms/ExtendBlade/ExtendedCompilerEngine.php(58): Illuminate\\View\\Engines\\CompilerEngine->handleViewException(Object(Illuminate\\Database\\QueryException), 2)
#1 /Users/mac/Herd/kantinsmk-go/vendor/laravel/framework/src/Illuminate/View/Engines/PhpEngine.php(59): Livewire\\Mechanisms\\ExtendBlade\\ExtendedCompilerEngine->handleViewException(Object(Illuminate\\Database\\QueryException), 2)
#2 /Users/mac/Herd/kantinsmk-go/vendor/livewire/livewire/src/Mechanisms/ExtendBlade/ExtendedCompilerEngine.php(22): Illuminate\\View\\Engines\\PhpEngine->evaluatePath('/Users/mac/Herd...', Array)
#3 /Users/mac/Herd/kantinsmk-go/vendor/laravel/framework/src/Illuminate/View/Engines/CompilerEngine.php(76): Livewire\\Mechanisms\\ExtendBlade\\ExtendedCompilerEngine->evaluatePath('/Users/mac/Herd...', Array)
#4 /Users/mac/Herd/kantinsmk-go/vendor/livewire/livewire/src/Mechanisms/ExtendBlade/ExtendedCompilerEngine.php(10): Illuminate\\View\\Engines\\CompilerEngine->get('/Users/mac/Herd...', Array)
#5 /Users/mac/Herd/kantinsmk-go/vendor/laravel/framework/src/Illuminate/View/View.php(208): Livewire\\Mechanisms\\ExtendBlade\\ExtendedCompilerEngine->get('/Users/mac/Herd...', Array)
#6 /Users/mac/Herd/kantinsmk-go/vendor/laravel/framework/src/Illuminate/View/View.php(191): Illuminate\\View\\View->getContents()
#7 /Users/mac/Herd/kantinsmk-go/vendor/laravel/framework/src/Illuminate/View/View.php(160): Illuminate\\View\\View->renderContents()
#8 /Users/mac/Herd/kantinsmk-go/vendor/laravel/framework/src/Illuminate/View/Concerns/ManagesComponents.php(103): Illuminate\\View\\View->render()
#9 /Users/mac/Herd/kantinsmk-go/storage/framework/views/be4cc0ea6543f2b3e70e52f9b44fb008.php(17): Illuminate\\View\\Factory->renderComponent()
#10 /Users/mac/Herd/kantinsmk-go/vendor/laravel/framework/src/Illuminate/Filesystem/Filesystem.php(123): require('/Users/mac/Herd...')
#11 /Users/mac/Herd/kantinsmk-go/vendor/laravel/framework/src/Illuminate/Filesystem/Filesystem.php(124): Illuminate\\Filesystem\\Filesystem::{closure:Illuminate\\Filesystem\\Filesystem::getRequire():120}()
#12 /Users/mac/Herd/kantinsmk-go/vendor/laravel/framework/src/Illuminate/View/Engines/PhpEngine.php(57): Illuminate\\Filesystem\\Filesystem->getRequire('/Users/mac/Herd...', Array)
#13 /Users/mac/Herd/kantinsmk-go/vendor/livewire/livewire/src/Mechanisms/ExtendBlade/ExtendedCompilerEngine.php(22): Illuminate\\View\\Engines\\PhpEngine->evaluatePath('/Users/mac/Herd...', Array)
#14 /Users/mac/Herd/kantinsmk-go/vendor/laravel/framework/src/Illuminate/View/Engines/CompilerEngine.php(76): Livewire\\Mechanisms\\ExtendBlade\\ExtendedCompilerEngine->evaluatePath('/Users/mac/Herd...', Array)
#15 /Users/mac/Herd/kantinsmk-go/vendor/livewire/livewire/src/Mechanisms/ExtendBlade/ExtendedCompilerEngine.php(10): Illuminate\\View\\Engines\\CompilerEngine->get('/Users/mac/Herd...', Array)
#16 /Users/mac/Herd/kantinsmk-go/vendor/laravel/framework/src/Illuminate/View/View.php(208): Livewire\\Mechanisms\\ExtendBlade\\ExtendedCompilerEngine->get('/Users/mac/Herd...', Array)
#17 /Users/mac/Herd/kantinsmk-go/vendor/laravel/framework/src/Illuminate/View/View.php(191): Illuminate\\View\\View->getContents()
#18 /Users/mac/Herd/kantinsmk-go/vendor/laravel/framework/src/Illuminate/View/View.php(160): Illuminate\\View\\View->renderContents()
#19 /Users/mac/Herd/kantinsmk-go/vendor/laravel/framework/src/Illuminate/View/Compilers/BladeCompiler.php(353): Illuminate\\View\\View->render()
#20 /Users/mac/Herd/kantinsmk-go/vendor/laravel/framework/src/Illuminate/Support/Facades/Facade.php(363): Illuminate\\View\\Compilers\\BladeCompiler::render('    <?php $layo...', Array)
#21 /Users/mac/Herd/kantinsmk-go/vendor/livewire/livewire/src/Features/SupportPageComponents/SupportPageComponents.php(153): Illuminate\\Support\\Facades\\Facade::__callStatic('render', Array)
#22 /Users/mac/Herd/kantinsmk-go/vendor/livewire/livewire/src/Features/SupportPageComponents/HandlesPageComponents.php(24): Livewire\\Features\\SupportPageComponents\\SupportPageComponents::renderContentsIntoLayout('<div wire:snaps...', Object(Livewire\\Features\\SupportPageComponents\\PageComponentConfig))
#23 /Users/mac/Herd/kantinsmk-go/vendor/laravel/framework/src/Illuminate/Routing/ControllerDispatcher.php(46): Livewire\\Component->__invoke()
#24 /Users/mac/Herd/kantinsmk-go/vendor/laravel/framework/src/Illuminate/Routing/Route.php(265): Illuminate\\Routing\\ControllerDispatcher->dispatch(Object(Illuminate\\Routing\\Route), Object(App\\Livewire\\Buyer\\Catalog), '__invoke')
#25 /Users/mac/Herd/kantinsmk-go/vendor/laravel/framework/src/Illuminate/Routing/Route.php(211): Illuminate\\Routing\\Route->runController()
#26 /Users/mac/Herd/kantinsmk-go/vendor/laravel/framework/src/Illuminate/Routing/Router.php(822): Illuminate\\Routing\\Route->run()
#27 /Users/mac/Herd/kantinsmk-go/vendor/laravel/framework/src/Illuminate/Pipeline/Pipeline.php(180): Illuminate\\Routing\\Router->{closure:Illuminate\\Routing\\Router::runRouteWithinStack():821}(Object(Illuminate\\Http\\Request))
#28 /Users/mac/Herd/kantinsmk-go/app/Http/Middleware/EnsureRole.php(38): Illuminate\\Pipeline\\Pipeline->{closure:Illuminate\\Pipeline\\Pipeline::prepareDestination():178}(Object(Illuminate\\Http\\Request))
#29 /Users/mac/Herd/kantinsmk-go/vendor/laravel/framework/src/Illuminate/Pipeline/Pipeline.php(219): App\\Http\\Middleware\\EnsureRole->handle(Object(Illuminate\\Http\\Request), Object(Closure), 'user')
#30 /Users/mac/Herd/kantinsmk-go/vendor/laravel/framework/src/Illuminate/Routing/Middleware/SubstituteBindings.php(50): Illuminate\\Pipeline\\Pipeline->{closure:{closure:Illuminate\\Pipeline\\Pipeline::carry():194}:195}(Object(Illuminate\\Http\\Request))
#31 /Users/mac/Herd/kantinsmk-go/vendor/laravel/framework/src/Illuminate/Pipeline/Pipeline.php(219): Illuminate\\Routing\\Middleware\\SubstituteBindings->handle(Object(Illuminate\\Http\\Request), Object(Closure))
#32 /Users/mac/Herd/kantinsmk-go/vendor/laravel/framework/src/Illuminate/Auth/Middleware/Authenticate.php(63): Illuminate\\Pipeline\\Pipeline->{closure:{closure:Illuminate\\Pipeline\\Pipeline::carry():194}:195}(Object(Illuminate\\Http\\Request))
#33 /Users/mac/Herd/kantinsmk-go/vendor/laravel/framework/src/Illuminate/Pipeline/Pipeline.php(219): Illuminate\\Auth\\Middleware\\Authenticate->handle(Object(Illuminate\\Http\\Request), Object(Closure))
#34 /Users/mac/Herd/kantinsmk-go/vendor/laravel/framework/src/Illuminate/Foundation/Http/Middleware/VerifyCsrfToken.php(87): Illuminate\\Pipeline\\Pipeline->{closure:{closure:Illuminate\\Pipeline\\Pipeline::carry():194}:195}(Object(Illuminate\\Http\\Request))
#35 /Users/mac/Herd/kantinsmk-go/vendor/laravel/framework/src/Illuminate/Pipeline/Pipeline.php(219): Illuminate\\Foundation\\Http\\Middleware\\VerifyCsrfToken->handle(Object(Illuminate\\Http\\Request), Object(Closure))
#36 /Users/mac/Herd/kantinsmk-go/vendor/laravel/framework/src/Illuminate/View/Middleware/ShareErrorsFromSession.php(48): Illuminate\\Pipeline\\Pipeline->{closure:{closure:Illuminate\\Pipeline\\Pipeline::carry():194}:195}(Object(Illuminate\\Http\\Request))
#37 /Users/mac/Herd/kantinsmk-go/vendor/laravel/framework/src/Illuminate/Pipeline/Pipeline.php(219): Illuminate\\View\\Middleware\\ShareErrorsFromSession->handle(Object(Illuminate\\Http\\Request), Object(Closure))
#38 /Users/mac/Herd/kantinsmk-go/vendor/laravel/framework/src/Illuminate/Session/Middleware/StartSession.php(120): Illuminate\\Pipeline\\Pipeline->{closure:{closure:Illuminate\\Pipeline\\Pipeline::carry():194}:195}(Object(Illuminate\\Http\\Request))
#39 /Users/mac/Herd/kantinsmk-go/vendor/laravel/framework/src/Illuminate/Session/Middleware/StartSession.php(63): Illuminate\\Session\\Middleware\\StartSession->handleStatefulRequest(Object(Illuminate\\Http\\Request), Object(Illuminate\\Session\\Store), Object(Closure))
#40 /Users/mac/Herd/kantinsmk-go/vendor/laravel/framework/src/Illuminate/Pipeline/Pipeline.php(219): Illuminate\\Session\\Middleware\\StartSession->handle(Object(Illuminate\\Http\\Request), Object(Closure))
#41 /Users/mac/Herd/kantinsmk-go/vendor/laravel/framework/src/Illuminate/Cookie/Middleware/AddQueuedCookiesToResponse.php(36): Illuminate\\Pipeline\\Pipeline->{closure:{closure:Illuminate\\Pipeline\\Pipeline::carry():194}:195}(Object(Illuminate\\Http\\Request))
#42 /Users/mac/Herd/kantinsmk-go/vendor/laravel/framework/src/Illuminate/Pipeline/Pipeline.php(219): Illuminate\\Cookie\\Middleware\\AddQueuedCookiesToResponse->handle(Object(Illuminate\\Http\\Request), Object(Closure))
#43 /Users/mac/Herd/kantinsmk-go/vendor/laravel/framework/src/Illuminate/Cookie/Middleware/EncryptCookies.php(74): Illuminate\\Pipeline\\Pipeline->{closure:{closure:Illuminate\\Pipeline\\Pipeline::carry():194}:195}(Object(Illuminate\\Http\\Request))
#44 /Users/mac/Herd/kantinsmk-go/vendor/laravel/framework/src/Illuminate/Pipeline/Pipeline.php(219): Illuminate\\Cookie\\Middleware\\EncryptCookies->handle(Object(Illuminate\\Http\\Request), Object(Closure))
#45 /Users/mac/Herd/kantinsmk-go/vendor/laravel/framework/src/Illuminate/Pipeline/Pipeline.php(137): Illuminate\\Pipeline\\Pipeline->{closure:{closure:Illuminate\\Pipeline\\Pipeline::carry():194}:195}(Object(Illuminate\\Http\\Request))
#46 /Users/mac/Herd/kantinsmk-go/vendor/laravel/framework/src/Illuminate/Routing/Router.php(821): Illuminate\\Pipeline\\Pipeline->then(Object(Closure))
#47 /Users/mac/Herd/kantinsmk-go/vendor/laravel/framework/src/Illuminate/Routing/Router.php(800): Illuminate\\Routing\\Router->runRouteWithinStack(Object(Illuminate\\Routing\\Route), Object(Illuminate\\Http\\Request))
#48 /Users/mac/Herd/kantinsmk-go/vendor/laravel/framework/src/Illuminate/Routing/Router.php(764): Illuminate\\Routing\\Router->runRoute(Object(Illuminate\\Http\\Request), Object(Illuminate\\Routing\\Route))
#49 /Users/mac/Herd/kantinsmk-go/vendor/laravel/framework/src/Illuminate/Routing/Router.php(753): Illuminate\\Routing\\Router->dispatchToRoute(Object(Illuminate\\Http\\Request))
#50 /Users/mac/Herd/kantinsmk-go/vendor/laravel/framework/src/Illuminate/Foundation/Http/Kernel.php(200): Illuminate\\Routing\\Router->dispatch(Object(Illuminate\\Http\\Request))
#51 /Users/mac/Herd/kantinsmk-go/vendor/laravel/framework/src/Illuminate/Pipeline/Pipeline.php(180): Illuminate\\Foundation\\Http\\Kernel->{closure:Illuminate\\Foundation\\Http\\Kernel::dispatchToRouter():197}(Object(Illuminate\\Http\\Request))
#52 /Users/mac/Herd/kantinsmk-go/vendor/livewire/livewire/src/Features/SupportDisablingBackButtonCache/DisableBackButtonCacheMiddleware.php(19): Illuminate\\Pipeline\\Pipeline->{closure:Illuminate\\Pipeline\\Pipeline::prepareDestination():178}(Object(Illuminate\\Http\\Request))
#53 /Users/mac/Herd/kantinsmk-go/vendor/laravel/framework/src/Illuminate/Pipeline/Pipeline.php(219): Livewire\\Features\\SupportDisablingBackButtonCache\\DisableBackButtonCacheMiddleware->handle(Object(Illuminate\\Http\\Request), Object(Closure))
#54 /Users/mac/Herd/kantinsmk-go/vendor/laravel/framework/src/Illuminate/Foundation/Http/Middleware/TransformsRequest.php(21): Illuminate\\Pipeline\\Pipeline->{closure:{closure:Illuminate\\Pipeline\\Pipeline::carry():194}:195}(Object(Illuminate\\Http\\Request))
#55 /Users/mac/Herd/kantinsmk-go/vendor/laravel/framework/src/Illuminate/Foundation/Http/Middleware/ConvertEmptyStringsToNull.php(31): Illuminate\\Foundation\\Http\\Middleware\\TransformsRequest->handle(Object(Illuminate\\Http\\Request), Object(Closure))
#56 /Users/mac/Herd/kantinsmk-go/vendor/laravel/framework/src/Illuminate/Pipeline/Pipeline.php(219): Illuminate\\Foundation\\Http\\Middleware\\ConvertEmptyStringsToNull->handle(Object(Illuminate\\Http\\Request), Object(Closure))
#57 /Users/mac/Herd/kantinsmk-go/vendor/laravel/framework/src/Illuminate/Foundation/Http/Middleware/TransformsRequest.php(21): Illuminate\\Pipeline\\Pipeline->{closure:{closure:Illuminate\\Pipeline\\Pipeline::carry():194}:195}(Object(Illuminate\\Http\\Request))
#58 /Users/mac/Herd/kantinsmk-go/vendor/laravel/framework/src/Illuminate/Foundation/Http/Middleware/TrimStrings.php(51): Illuminate\\Foundation\\Http\\Middleware\\TransformsRequest->handle(Object(Illuminate\\Http\\Request), Object(Closure))
#59 /Users/mac/Herd/kantinsmk-go/vendor/laravel/framework/src/Illuminate/Pipeline/Pipeline.php(219): Illuminate\\Foundation\\Http\\Middleware\\TrimStrings->handle(Object(Illuminate\\Http\\Request), Object(Closure))
#60 /Users/mac/Herd/kantinsmk-go/vendor/laravel/framework/src/Illuminate/Http/Middleware/ValidatePostSize.php(27): Illuminate\\Pipeline\\Pipeline->{closure:{closure:Illuminate\\Pipeline\\Pipeline::carry():194}:195}(Object(Illuminate\\Http\\Request))
#61 /Users/mac/Herd/kantinsmk-go/vendor/laravel/framework/src/Illuminate/Pipeline/Pipeline.php(219): Illuminate\\Http\\Middleware\\ValidatePostSize->handle(Object(Illuminate\\Http\\Request), Object(Closure))
#62 /Users/mac/Herd/kantinsmk-go/vendor/laravel/framework/src/Illuminate/Foundation/Http/Middleware/PreventRequestsDuringMaintenance.php(109): Illuminate\\Pipeline\\Pipeline->{closure:{closure:Illuminate\\Pipeline\\Pipeline::carry():194}:195}(Object(Illuminate\\Http\\Request))
#63 /Users/mac/Herd/kantinsmk-go/vendor/laravel/framework/src/Illuminate/Pipeline/Pipeline.php(219): Illuminate\\Foundation\\Http\\Middleware\\PreventRequestsDuringMaintenance->handle(Object(Illuminate\\Http\\Request), Object(Closure))
#64 /Users/mac/Herd/kantinsmk-go/vendor/laravel/framework/src/Illuminate/Http/Middleware/HandleCors.php(61): Illuminate\\Pipeline\\Pipeline->{closure:{closure:Illuminate\\Pipeline\\Pipeline::carry():194}:195}(Object(Illuminate\\Http\\Request))
#65 /Users/mac/Herd/kantinsmk-go/vendor/laravel/framework/src/Illuminate/Pipeline/Pipeline.php(219): Illuminate\\Http\\Middleware\\HandleCors->handle(Object(Illuminate\\Http\\Request), Object(Closure))
#66 /Users/mac/Herd/kantinsmk-go/vendor/laravel/framework/src/Illuminate/Http/Middleware/TrustProxies.php(58): Illuminate\\Pipeline\\Pipeline->{closure:{closure:Illuminate\\Pipeline\\Pipeline::carry():194}:195}(Object(Illuminate\\Http\\Request))
#67 /Users/mac/Herd/kantinsmk-go/vendor/laravel/framework/src/Illuminate/Pipeline/Pipeline.php(219): Illuminate\\Http\\Middleware\\TrustProxies->handle(Object(Illuminate\\Http\\Request), Object(Closure))
#68 /Users/mac/Herd/kantinsmk-go/vendor/laravel/framework/src/Illuminate/Foundation/Http/Middleware/InvokeDeferredCallbacks.php(22): Illuminate\\Pipeline\\Pipeline->{closure:{closure:Illuminate\\Pipeline\\Pipeline::carry():194}:195}(Object(Illuminate\\Http\\Request))
#69 /Users/mac/Herd/kantinsmk-go/vendor/laravel/framework/src/Illuminate/Pipeline/Pipeline.php(219): Illuminate\\Foundation\\Http\\Middleware\\InvokeDeferredCallbacks->handle(Object(Illuminate\\Http\\Request), Object(Closure))
#70 /Users/mac/Herd/kantinsmk-go/vendor/laravel/framework/src/Illuminate/Http/Middleware/ValidatePathEncoding.php(26): Illuminate\\Pipeline\\Pipeline->{closure:{closure:Illuminate\\Pipeline\\Pipeline::carry():194}:195}(Object(Illuminate\\Http\\Request))
#71 /Users/mac/Herd/kantinsmk-go/vendor/laravel/framework/src/Illuminate/Pipeline/Pipeline.php(219): Illuminate\\Http\\Middleware\\ValidatePathEncoding->handle(Object(Illuminate\\Http\\Request), Object(Closure))
#72 /Users/mac/Herd/kantinsmk-go/vendor/laravel/framework/src/Illuminate/Pipeline/Pipeline.php(137): Illuminate\\Pipeline\\Pipeline->{closure:{closure:Illuminate\\Pipeline\\Pipeline::carry():194}:195}(Object(Illuminate\\Http\\Request))
#73 /Users/mac/Herd/kantinsmk-go/vendor/laravel/framework/src/Illuminate/Foundation/Http/Kernel.php(175): Illuminate\\Pipeline\\Pipeline->then(Object(Closure))
#74 /Users/mac/Herd/kantinsmk-go/vendor/laravel/framework/src/Illuminate/Foundation/Http/Kernel.php(144): Illuminate\\Foundation\\Http\\Kernel->sendRequestThroughRouter(Object(Illuminate\\Http\\Request))
#75 /Users/mac/Herd/kantinsmk-go/vendor/laravel/framework/src/Illuminate/Foundation/Application.php(1220): Illuminate\\Foundation\\Http\\Kernel->handle(Object(Illuminate\\Http\\Request))
#76 /Users/mac/Herd/kantinsmk-go/public/index.php(17): Illuminate\\Foundation\\Application->handleRequest(Object(Illuminate\\Http\\Request))
#77 /Applications/Herd.app/Contents/Resources/valet/server.php(168): require('/Users/mac/Herd...')
#78 {main}

[previous exception] [object] (Illuminate\\Database\\QueryException(code: 42S02): SQLSTATE[42S02]: Base table or view not found: 1146 Table 'kantinsmk_go.notifications' doesn't exist (Connection: mysql, Host: 127.0.0.1, Port: 3306, Database: kantinsmk_go, SQL: select * from `notifications` where `user_id` = 6 order by `created_at` desc limit 12) at /Users/mac/Herd/kantinsmk-go/vendor/laravel/framework/src/Illuminate/Database/Connection.php:838)
[stacktrace]
#0 /Users/mac/Herd/kantinsmk-go/vendor/laravel/framework/src/Illuminate/Database/Connection.php(794): Illuminate\\Database\\Connection->runQueryCallback('select * from `...', Array, Object(Closure))
#1 /Users/mac/Herd/kantinsmk-go/vendor/laravel/framework/src/Illuminate/Database/Connection.php(411): Illuminate\\Database\\Connection->run('select * from `...', Array, Object(Closure))
#2 /Users/mac/Herd/kantinsmk-go/vendor/laravel/framework/src/Illuminate/Database/Query/Builder.php(3505): Illuminate\\Database\\Connection->select('select * from `...', Array, true)
#3 /Users/mac/Herd/kantinsmk-go/vendor/laravel/framework/src/Illuminate/Database/Query/Builder.php(3490): Illuminate\\Database\\Query\\Builder->runSelect()
#4 /Users/mac/Herd/kantinsmk-go/vendor/laravel/framework/src/Illuminate/Database/Query/Builder.php(4080): Illuminate\\Database\\Query\\Builder->{closure:Illuminate\\Database\\Query\\Builder::get():3489}()
#5 /Users/mac/Herd/kantinsmk-go/vendor/laravel/framework/src/Illuminate/Database/Query/Builder.php(3489): Illuminate\\Database\\Query\\Builder->onceWithColumns(Array, Object(Closure))
#6 /Users/mac/Herd/kantinsmk-go/vendor/laravel/framework/src/Illuminate/Database/Eloquent/Builder.php(902): Illuminate\\Database\\Query\\Builder->get(Array)
#7 /Users/mac/Herd/kantinsmk-go/vendor/laravel/framework/src/Illuminate/Database/Eloquent/Builder.php(884): Illuminate\\Database\\Eloquent\\Builder->getModels(Array)
#8 /Users/mac/Herd/kantinsmk-go/app/Livewire/NotificationsBell.php(23): Illuminate\\Database\\Eloquent\\Builder->get()
#9 /Users/mac/Herd/kantinsmk-go/vendor/laravel/framework/src/Illuminate/Container/BoundMethod.php(36): App\\Livewire\\NotificationsBell->render()
#10 /Users/mac/Herd/kantinsmk-go/vendor/laravel/framework/src/Illuminate/Container/Util.php(43): Illuminate\\Container\\BoundMethod::{closure:Illuminate\\Container\\BoundMethod::call():35}()
#11 /Users/mac/Herd/kantinsmk-go/vendor/laravel/framework/src/Illuminate/Container/BoundMethod.php(96): Illuminate\\Container\\Util::unwrapIfClosure(Object(Closure))
#12 /Users/mac/Herd/kantinsmk-go/vendor/laravel/framework/src/Illuminate/Container/BoundMethod.php(35): Illuminate\\Container\\BoundMethod::callBoundMethod(Object(Illuminate\\Foundation\\Application), Array, Object(Closure))
#13 /Users/mac/Herd/kantinsmk-go/vendor/livewire/livewire/src/Wrapped.php(23): Illuminate\\Container\\BoundMethod::call(Object(Illuminate\\Foundation\\Application), Array, Array)
#14 /Users/mac/Herd/kantinsmk-go/vendor/livewire/livewire/src/Mechanisms/HandleComponents/HandleComponents.php(318): Livewire\\Wrapped->__call('render', Array)
#15 /Users/mac/Herd/kantinsmk-go/vendor/livewire/livewire/src/Mechanisms/HandleComponents/HandleComponents.php(278): Livewire\\Mechanisms\\HandleComponents\\HandleComponents->getView(Object(App\\Livewire\\NotificationsBell))
#16 /Users/mac/Herd/kantinsmk-go/vendor/livewire/livewire/src/Mechanisms/HandleComponents/HandleComponents.php(54): Livewire\\Mechanisms\\HandleComponents\\HandleComponents->render(Object(App\\Livewire\\NotificationsBell), '<div></div>')
#17 /Users/mac/Herd/kantinsmk-go/vendor/livewire/livewire/src/LivewireManager.php(73): Livewire\\Mechanisms\\HandleComponents\\HandleComponents->mount('notifications-b...', Array, 'lw-2511592866-0')
#18 /Users/mac/Herd/kantinsmk-go/storage/framework/views/a7d2c64a1f0e7a2c1b1309ebd53fcac2.php(65): Livewire\\LivewireManager->mount('notifications-b...', Array, 'lw-2511592866-0')
#19 /Users/mac/Herd/kantinsmk-go/vendor/laravel/framework/src/Illuminate/Filesystem/Filesystem.php(123): require('/Users/mac/Herd...')
#20 /Users/mac/Herd/kantinsmk-go/vendor/laravel/framework/src/Illuminate/Filesystem/Filesystem.php(124): Illuminate\\Filesystem\\Filesystem::{closure:Illuminate\\Filesystem\\Filesystem::getRequire():120}()
#21 /Users/mac/Herd/kantinsmk-go/vendor/laravel/framework/src/Illuminate/View/Engines/PhpEngine.php(57): Illuminate\\Filesystem\\Filesystem->getRequire('/Users/mac/Herd...', Array)
#22 /Users/mac/Herd/kantinsmk-go/vendor/livewire/livewire/src/Mechanisms/ExtendBlade/ExtendedCompilerEngine.php(22): Illuminate\\View\\Engines\\PhpEngine->evaluatePath('/Users/mac/Herd...', Array)
#23 /Users/mac/Herd/kantinsmk-go/vendor/laravel/framework/src/Illuminate/View/Engines/CompilerEngine.php(76): Livewire\\Mechanisms\\ExtendBlade\\ExtendedCompilerEngine->evaluatePath('/Users/mac/Herd...', Array)
#24 /Users/mac/Herd/kantinsmk-go/vendor/livewire/livewire/src/Mechanisms/ExtendBlade/ExtendedCompilerEngine.php(10): Illuminate\\View\\Engines\\CompilerEngine->get('/Users/mac/Herd...', Array)
#25 /Users/mac/Herd/kantinsmk-go/vendor/laravel/framework/src/Illuminate/View/View.php(208): Livewire\\Mechanisms\\ExtendBlade\\ExtendedCompilerEngine->get('/Users/mac/Herd...', Array)
#26 /Users/mac/Herd/kantinsmk-go/vendor/laravel/framework/src/Illuminate/View/View.php(191): Illuminate\\View\\View->getContents()
#27 /Users/mac/Herd/kantinsmk-go/vendor/laravel/framework/src/Illuminate/View/View.php(160): Illuminate\\View\\View->renderContents()
#28 /Users/mac/Herd/kantinsmk-go/vendor/laravel/framework/src/Illuminate/View/Concerns/ManagesComponents.php(103): Illuminate\\View\\View->render()
#29 /Users/mac/Herd/kantinsmk-go/storage/framework/views/be4cc0ea6543f2b3e70e52f9b44fb008.php(17): Illuminate\\View\\Factory->renderComponent()
#30 /Users/mac/Herd/kantinsmk-go/vendor/laravel/framework/src/Illuminate/Filesystem/Filesystem.php(123): require('/Users/mac/Herd...')
#31 /Users/mac/Herd/kantinsmk-go/vendor/laravel/framework/src/Illuminate/Filesystem/Filesystem.php(124): Illuminate\\Filesystem\\Filesystem::{closure:Illuminate\\Filesystem\\Filesystem::getRequire():120}()
#32 /Users/mac/Herd/kantinsmk-go/vendor/laravel/framework/src/Illuminate/View/Engines/PhpEngine.php(57): Illuminate\\Filesystem\\Filesystem->getRequire('/Users/mac/Herd...', Array)
#33 /Users/mac/Herd/kantinsmk-go/vendor/livewire/livewire/src/Mechanisms/ExtendBlade/ExtendedCompilerEngine.php(22): Illuminate\\View\\Engines\\PhpEngine->evaluatePath('/Users/mac/Herd...', Array)
#34 /Users/mac/Herd/kantinsmk-go/vendor/laravel/framework/src/Illuminate/View/Engines/CompilerEngine.php(76): Livewire\\Mechanisms\\ExtendBlade\\ExtendedCompilerEngine->evaluatePath('/Users/mac/Herd...', Array)
#35 /Users/mac/Herd/kantinsmk-go/vendor/livewire/livewire/src/Mechanisms/ExtendBlade/ExtendedCompilerEngine.php(10): Illuminate\\View\\Engines\\CompilerEngine->get('/Users/mac/Herd...', Array)
#36 /Users/mac/Herd/kantinsmk-go/vendor/laravel/framework/src/Illuminate/View/View.php(208): Livewire\\Mechanisms\\ExtendBlade\\ExtendedCompilerEngine->get('/Users/mac/Herd...', Array)
#37 /Users/mac/Herd/kantinsmk-go/vendor/laravel/framework/src/Illuminate/View/View.php(191): Illuminate\\View\\View->getContents()
#38 /Users/mac/Herd/kantinsmk-go/vendor/laravel/framework/src/Illuminate/View/View.php(160): Illuminate\\View\\View->renderContents()
#39 /Users/mac/Herd/kantinsmk-go/vendor/laravel/framework/src/Illuminate/View/Compilers/BladeCompiler.php(353): Illuminate\\View\\View->render()
#40 /Users/mac/Herd/kantinsmk-go/vendor/laravel/framework/src/Illuminate/Support/Facades/Facade.php(363): Illuminate\\View\\Compilers\\BladeCompiler::render('    <?php $layo...', Array)
#41 /Users/mac/Herd/kantinsmk-go/vendor/livewire/livewire/src/Features/SupportPageComponents/SupportPageComponents.php(153): Illuminate\\Support\\Facades\\Facade::__callStatic('render', Array)
#42 /Users/mac/Herd/kantinsmk-go/vendor/livewire/livewire/src/Features/SupportPageComponents/HandlesPageComponents.php(24): Livewire\\Features\\SupportPageComponents\\SupportPageComponents::renderContentsIntoLayout('<div wire:snaps...', Object(Livewire\\Features\\SupportPageComponents\\PageComponentConfig))
#43 /Users/mac/Herd/kantinsmk-go/vendor/laravel/framework/src/Illuminate/Routing/ControllerDispatcher.php(46): Livewire\\Component->__invoke()
#44 /Users/mac/Herd/kantinsmk-go/vendor/laravel/framework/src/Illuminate/Routing/Route.php(265): Illuminate\\Routing\\ControllerDispatcher->dispatch(Object(Illuminate\\Routing\\Route), Object(App\\Livewire\\Buyer\\Catalog), '__invoke')
#45 /Users/mac/Herd/kantinsmk-go/vendor/laravel/framework/src/Illuminate/Routing/Route.php(211): Illuminate\\Routing\\Route->runController()
#46 /Users/mac/Herd/kantinsmk-go/vendor/laravel/framework/src/Illuminate/Routing/Router.php(822): Illuminate\\Routing\\Route->run()
#47 /Users/mac/Herd/kantinsmk-go/vendor/laravel/framework/src/Illuminate/Pipeline/Pipeline.php(180): Illuminate\\Routing\\Router->{closure:Illuminate\\Routing\\Router::runRouteWithinStack():821}(Object(Illuminate\\Http\\Request))
#48 /Users/mac/Herd/kantinsmk-go/app/Http/Middleware/EnsureRole.php(38): Illuminate\\Pipeline\\Pipeline->{closure:Illuminate\\Pipeline\\Pipeline::prepareDestination():178}(Object(Illuminate\\Http\\Request))
#49 /Users/mac/Herd/kantinsmk-go/vendor/laravel/framework/src/Illuminate/Pipeline/Pipeline.php(219): App\\Http\\Middleware\\EnsureRole->handle(Object(Illuminate\\Http\\Request), Object(Closure), 'user')
#50 /Users/mac/Herd/kantinsmk-go/vendor/laravel/framework/src/Illuminate/Routing/Middleware/SubstituteBindings.php(50): Illuminate\\Pipeline\\Pipeline->{closure:{closure:Illuminate\\Pipeline\\Pipeline::carry():194}:195}(Object(Illuminate\\Http\\Request))
#51 /Users/mac/Herd/kantinsmk-go/vendor/laravel/framework/src/Illuminate/Pipeline/Pipeline.php(219): Illuminate\\Routing\\Middleware\\SubstituteBindings->handle(Object(Illuminate\\Http\\Request), Object(Closure))
#52 /Users/mac/Herd/kantinsmk-go/vendor/laravel/framework/src/Illuminate/Auth/Middleware/Authenticate.php(63): Illuminate\\Pipeline\\Pipeline->{closure:{closure:Illuminate\\Pipeline\\Pipeline::carry():194}:195}(Object(Illuminate\\Http\\Request))
#53 /Users/mac/Herd/kantinsmk-go/vendor/laravel/framework/src/Illuminate/Pipeline/Pipeline.php(219): Illuminate\\Auth\\Middleware\\Authenticate->handle(Object(Illuminate\\Http\\Request), Object(Closure))
#54 /Users/mac/Herd/kantinsmk-go/vendor/laravel/framework/src/Illuminate/Foundation/Http/Middleware/VerifyCsrfToken.php(87): Illuminate\\Pipeline\\Pipeline->{closure:{closure:Illuminate\\Pipeline\\Pipeline::carry():194}:195}(Object(Illuminate\\Http\\Request))
#55 /Users/mac/Herd/kantinsmk-go/vendor/laravel/framework/src/Illuminate/Pipeline/Pipeline.php(219): Illuminate\\Foundation\\Http\\Middleware\\VerifyCsrfToken->handle(Object(Illuminate\\Http\\Request), Object(Closure))
#56 /Users/mac/Herd/kantinsmk-go/vendor/laravel/framework/src/Illuminate/View/Middleware/ShareErrorsFromSession.php(48): Illuminate\\Pipeline\\Pipeline->{closure:{closure:Illuminate\\Pipeline\\Pipeline::carry():194}:195}(Object(Illuminate\\Http\\Request))
#57 /Users/mac/Herd/kantinsmk-go/vendor/laravel/framework/src/Illuminate/Pipeline/Pipeline.php(219): Illuminate\\View\\Middleware\\ShareErrorsFromSession->handle(Object(Illuminate\\Http\\Request), Object(Closure))
#58 /Users/mac/Herd/kantinsmk-go/vendor/laravel/framework/src/Illuminate/Session/Middleware/StartSession.php(120): Illuminate\\Pipeline\\Pipeline->{closure:{closure:Illuminate\\Pipeline\\Pipeline::carry():194}:195}(Object(Illuminate\\Http\\Request))
#59 /Users/mac/Herd/kantinsmk-go/vendor/laravel/framework/src/Illuminate/Session/Middleware/StartSession.php(63): Illuminate\\Session\\Middleware\\StartSession->handleStatefulRequest(Object(Illuminate\\Http\\Request), Object(Illuminate\\Session\\Store), Object(Closure))
#60 /Users/mac/Herd/kantinsmk-go/vendor/laravel/framework/src/Illuminate/Pipeline/Pipeline.php(219): Illuminate\\Session\\Middleware\\StartSession->handle(Object(Illuminate\\Http\\Request), Object(Closure))
#61 /Users/mac/Herd/kantinsmk-go/vendor/laravel/framework/src/Illuminate/Cookie/Middleware/AddQueuedCookiesToResponse.php(36): Illuminate\\Pipeline\\Pipeline->{closure:{closure:Illuminate\\Pipeline\\Pipeline::carry():194}:195}(Object(Illuminate\\Http\\Request))
#62 /Users/mac/Herd/kantinsmk-go/vendor/laravel/framework/src/Illuminate/Pipeline/Pipeline.php(219): Illuminate\\Cookie\\Middleware\\AddQueuedCookiesToResponse->handle(Object(Illuminate\\Http\\Request), Object(Closure))
#63 /Users/mac/Herd/kantinsmk-go/vendor/laravel/framework/src/Illuminate/Cookie/Middleware/EncryptCookies.php(74): Illuminate\\Pipeline\\Pipeline->{closure:{closure:Illuminate\\Pipeline\\Pipeline::carry():194}:195}(Object(Illuminate\\Http\\Request))
#64 /Users/mac/Herd/kantinsmk-go/vendor/laravel/framework/src/Illuminate/Pipeline/Pipeline.php(219): Illuminate\\Cookie\\Middleware\\EncryptCookies->handle(Object(Illuminate\\Http\\Request), Object(Closure))
#65 /Users/mac/Herd/kantinsmk-go/vendor/laravel/framework/src/Illuminate/Pipeline/Pipeline.php(137): Illuminate\\Pipeline\\Pipeline->{closure:{closure:Illuminate\\Pipeline\\Pipeline::carry():194}:195}(Object(Illuminate\\Http\\Request))
#66 /Users/mac/Herd/kantinsmk-go/vendor/laravel/framework/src/Illuminate/Routing/Router.php(821): Illuminate\\Pipeline\\Pipeline->then(Object(Closure))
#67 /Users/mac/Herd/kantinsmk-go/vendor/laravel/framework/src/Illuminate/Routing/Router.php(800): Illuminate\\Routing\\Router->runRouteWithinStack(Object(Illuminate\\Routing\\Route), Object(Illuminate\\Http\\Request))
#68 /Users/mac/Herd/kantinsmk-go/vendor/laravel/framework/src/Illuminate/Routing/Router.php(764): Illuminate\\Routing\\Router->runRoute(Object(Illuminate\\Http\\Request), Object(Illuminate\\Routing\\Route))
#69 /Users/mac/Herd/kantinsmk-go/vendor/laravel/framework/src/Illuminate/Routing/Router.php(753): Illuminate\\Routing\\Router->dispatchToRoute(Object(Illuminate\\Http\\Request))
#70 /Users/mac/Herd/kantinsmk-go/vendor/laravel/framework/src/Illuminate/Foundation/Http/Kernel.php(200): Illuminate\\Routing\\Router->dispatch(Object(Illuminate\\Http\\Request))
#71 /Users/mac/Herd/kantinsmk-go/vendor/laravel/framework/src/Illuminate/Pipeline/Pipeline.php(180): Illuminate\\Foundation\\Http\\Kernel->{closure:Illuminate\\Foundation\\Http\\Kernel::dispatchToRouter():197}(Object(Illuminate\\Http\\Request))
#72 /Users/mac/Herd/kantinsmk-go/vendor/livewire/livewire/src/Features/SupportDisablingBackButtonCache/DisableBackButtonCacheMiddleware.php(19): Illuminate\\Pipeline\\Pipeline->{closure:Illuminate\\Pipeline\\Pipeline::prepareDestination():178}(Object(Illuminate\\Http\\Request))
#73 /Users/mac/Herd/kantinsmk-go/vendor/laravel/framework/src/Illuminate/Pipeline/Pipeline.php(219): Livewire\\Features\\SupportDisablingBackButtonCache\\DisableBackButtonCacheMiddleware->handle(Object(Illuminate\\Http\\Request), Object(Closure))
#74 /Users/mac/Herd/kantinsmk-go/vendor/laravel/framework/src/Illuminate/Foundation/Http/Middleware/TransformsRequest.php(21): Illuminate\\Pipeline\\Pipeline->{closure:{closure:Illuminate\\Pipeline\\Pipeline::carry():194}:195}(Object(Illuminate\\Http\\Request))
#75 /Users/mac/Herd/kantinsmk-go/vendor/laravel/framework/src/Illuminate/Foundation/Http/Middleware/ConvertEmptyStringsToNull.php(31): Illuminate\\Foundation\\Http\\Middleware\\TransformsRequest->handle(Object(Illuminate\\Http\\Request), Object(Closure))
#76 /Users/mac/Herd/kantinsmk-go/vendor/laravel/framework/src/Illuminate/Pipeline/Pipeline.php(219): Illuminate\\Foundation\\Http\\Middleware\\ConvertEmptyStringsToNull->handle(Object(Illuminate\\Http\\Request), Object(Closure))
#77 /Users/mac/Herd/kantinsmk-go/vendor/laravel/framework/src/Illuminate/Foundation/Http/Middleware/TransformsRequest.php(21): Illuminate\\Pipeline\\Pipeline->{closure:{closure:Illuminate\\Pipeline\\Pipeline::carry():194}:195}(Object(Illuminate\\Http\\Request))
#78 /Users/mac/Herd/kantinsmk-go/vendor/laravel/framework/src/Illuminate/Foundation/Http/Middleware/TrimStrings.php(51): Illuminate\\Foundation\\Http\\Middleware\\TransformsRequest->handle(Object(Illuminate\\Http\\Request), Object(Closure))
#79 /Users/mac/Herd/kantinsmk-go/vendor/laravel/framework/src/Illuminate/Pipeline/Pipeline.php(219): Illuminate\\Foundation\\Http\\Middleware\\TrimStrings->handle(Object(Illuminate\\Http\\Request), Object(Closure))
#80 /Users/mac/Herd/kantinsmk-go/vendor/laravel/framework/src/Illuminate/Http/Middleware/ValidatePostSize.php(27): Illuminate\\Pipeline\\Pipeline->{closure:{closure:Illuminate\\Pipeline\\Pipeline::carry():194}:195}(Object(Illuminate\\Http\\Request))
#81 /Users/mac/Herd/kantinsmk-go/vendor/laravel/framework/src/Illuminate/Pipeline/Pipeline.php(219): Illuminate\\Http\\Middleware\\ValidatePostSize->handle(Object(Illuminate\\Http\\Request), Object(Closure))
#82 /Users/mac/Herd/kantinsmk-go/vendor/laravel/framework/src/Illuminate/Foundation/Http/Middleware/PreventRequestsDuringMaintenance.php(109): Illuminate\\Pipeline\\Pipeline->{closure:{closure:Illuminate\\Pipeline\\Pipeline::carry():194}:195}(Object(Illuminate\\Http\\Request))
#83 /Users/mac/Herd/kantinsmk-go/vendor/laravel/framework/src/Illuminate/Pipeline/Pipeline.php(219): Illuminate\\Foundation\\Http\\Middleware\\PreventRequestsDuringMaintenance->handle(Object(Illuminate\\Http\\Request), Object(Closure))
#84 /Users/mac/Herd/kantinsmk-go/vendor/laravel/framework/src/Illuminate/Http/Middleware/HandleCors.php(61): Illuminate\\Pipeline\\Pipeline->{closure:{closure:Illuminate\\Pipeline\\Pipeline::carry():194}:195}(Object(Illuminate\\Http\\Request))
#85 /Users/mac/Herd/kantinsmk-go/vendor/laravel/framework/src/Illuminate/Pipeline/Pipeline.php(219): Illuminate\\Http\\Middleware\\HandleCors->handle(Object(Illuminate\\Http\\Request), Object(Closure))
#86 /Users/mac/Herd/kantinsmk-go/vendor/laravel/framework/src/Illuminate/Http/Middleware/TrustProxies.php(58): Illuminate\\Pipeline\\Pipeline->{closure:{closure:Illuminate\\Pipeline\\Pipeline::carry():194}:195}(Object(Illuminate\\Http\\Request))
#87 /Users/mac/Herd/kantinsmk-go/vendor/laravel/framework/src/Illuminate/Pipeline/Pipeline.php(219): Illuminate\\Http\\Middleware\\TrustProxies->handle(Object(Illuminate\\Http\\Request), Object(Closure))
#88 /Users/mac/Herd/kantinsmk-go/vendor/laravel/framework/src/Illuminate/Foundation/Http/Middleware/InvokeDeferredCallbacks.php(22): Illuminate\\Pipeline\\Pipeline->{closure:{closure:Illuminate\\Pipeline\\Pipeline::carry():194}:195}(Object(Illuminate\\Http\\Request))
#89 /Users/mac/Herd/kantinsmk-go/vendor/laravel/framework/src/Illuminate/Pipeline/Pipeline.php(219): Illuminate\\Foundation\\Http\\Middleware\\InvokeDeferredCallbacks->handle(Object(Illuminate\\Http\\Request), Object(Closure))
#90 /Users/mac/Herd/kantinsmk-go/vendor/laravel/framework/src/Illuminate/Http/Middleware/ValidatePathEncoding.php(26): Illuminate\\Pipeline\\Pipeline->{closure:{closure:Illuminate\\Pipeline\\Pipeline::carry():194}:195}(Object(Illuminate\\Http\\Request))
#91 /Users/mac/Herd/kantinsmk-go/vendor/laravel/framework/src/Illuminate/Pipeline/Pipeline.php(219): Illuminate\\Http\\Middleware\\ValidatePathEncoding->handle(Object(Illuminate\\Http\\Request), Object(Closure))
#92 /Users/mac/Herd/kantinsmk-go/vendor/laravel/framework/src/Illuminate/Pipeline/Pipeline.php(137): Illuminate\\Pipeline\\Pipeline->{closure:{closure:Illuminate\\Pipeline\\Pipeline::carry():194}:195}(Object(Illuminate\\Http\\Request))
#93 /Users/mac/Herd/kantinsmk-go/vendor/laravel/framework/src/Illuminate/Foundation/Http/Kernel.php(175): Illuminate\\Pipeline\\Pipeline->then(Object(Closure))
#94 /Users/mac/Herd/kantinsmk-go/vendor/laravel/framework/src/Illuminate/Foundation/Http/Kernel.php(144): Illuminate\\Foundation\\Http\\Kernel->sendRequestThroughRouter(Object(Illuminate\\Http\\Request))
#95 /Users/mac/Herd/kantinsmk-go/vendor/laravel/framework/src/Illuminate/Foundation/Application.php(1220): Illuminate\\Foundation\\Http\\Kernel->handle(Object(Illuminate\\Http\\Request))
#96 /Users/mac/Herd/kantinsmk-go/public/index.php(17): Illuminate\\Foundation\\Application->handleRequest(Object(Illuminate\\Http\\Request))
#97 /Applications/Herd.app/Contents/Resources/valet/server.php(168): require('/Users/mac/Herd...')
#98 {main}

[previous exception] [object] (PDOException(code: 42S02): SQLSTATE[42S02]: Base table or view not found: 1146 Table 'kantinsmk_go.notifications' doesn't exist at /Users/mac/Herd/kantinsmk-go/vendor/laravel/framework/src/Illuminate/Database/Connection.php:420)
[stacktrace]
#0 /Users/mac/Herd/kantinsmk-go/vendor/laravel/framework/src/Illuminate/Database/Connection.php(420): PDO->prepare('select * from `...')
#1 /Users/mac/Herd/kantinsmk-go/vendor/laravel/framework/src/Illuminate/Database/Connection.php(827): Illuminate\\Database\\Connection->{closure:Illuminate\\Database\\Connection::select():411}('select * from `...', Array)
#2 /Users/mac/Herd/kantinsmk-go/vendor/laravel/framework/src/Illuminate/Database/Connection.php(794): Illuminate\\Database\\Connection->runQueryCallback('select * from `...', Array, Object(Closure))
#3 /Users/mac/Herd/kantinsmk-go/vendor/laravel/framework/src/Illuminate/Database/Connection.php(411): Illuminate\\Database\\Connection->run('select * from `...', Array, Object(Closure))
#4 /Users/mac/Herd/kantinsmk-go/vendor/laravel/framework/src/Illuminate/Database/Query/Builder.php(3505): Illuminate\\Database\\Connection->select('select * from `...', Array, true)
#5 /Users/mac/Herd/kantinsmk-go/vendor/laravel/framework/src/Illuminate/Database/Query/Builder.php(3490): Illuminate\\Database\\Query\\Builder->runSelect()
#6 /Users/mac/Herd/kantinsmk-go/vendor/laravel/framework/src/Illuminate/Database/Query/Builder.php(4080): Illuminate\\Database\\Query\\Builder->{closure:Illuminate\\Database\\Query\\Builder::get():3489}()
#7 /Users/mac/Herd/kantinsmk-go/vendor/laravel/framework/src/Illuminate/Database/Query/Builder.php(3489): Illuminate\\Database\\Query\\Builder->onceWithColumns(Array, Object(Closure))
#8 /Users/mac/Herd/kantinsmk-go/vendor/laravel/framework/src/Illuminate/Database/Eloquent/Builder.php(902): Illuminate\\Database\\Query\\Builder->get(Array)
#9 /Users/mac/Herd/kantinsmk-go/vendor/laravel/framework/src/Illuminate/Database/Eloquent/Builder.php(884): Illuminate\\Database\\Eloquent\\Builder->getModels(Array)
#10 /Users/mac/Herd/kantinsmk-go/app/Livewire/NotificationsBell.php(23): Illuminate\\Database\\Eloquent\\Builder->get()
#11 /Users/mac/Herd/kantinsmk-go/vendor/laravel/framework/src/Illuminate/Container/BoundMethod.php(36): App\\Livewire\\NotificationsBell->render()
#12 /Users/mac/Herd/kantinsmk-go/vendor/laravel/framework/src/Illuminate/Container/Util.php(43): Illuminate\\Container\\BoundMethod::{closure:Illuminate\\Container\\BoundMethod::call():35}()
#13 /Users/mac/Herd/kantinsmk-go/vendor/laravel/framework/src/Illuminate/Container/BoundMethod.php(96): Illuminate\\Container\\Util::unwrapIfClosure(Object(Closure))
#14 /Users/mac/Herd/kantinsmk-go/vendor/laravel/framework/src/Illuminate/Container/BoundMethod.php(35): Illuminate\\Container\\BoundMethod::callBoundMethod(Object(Illuminate\\Foundation\\Application), Array, Object(Closure))
#15 /Users/mac/Herd/kantinsmk-go/vendor/livewire/livewire/src/Wrapped.php(23): Illuminate\\Container\\BoundMethod::call(Object(Illuminate\\Foundation\\Application), Array, Array)
#16 /Users/mac/Herd/kantinsmk-go/vendor/livewire/livewire/src/Mechanisms/HandleComponents/HandleComponents.php(318): Livewire\\Wrapped->__call('render', Array)
#17 /Users/mac/Herd/kantinsmk-go/vendor/livewire/livewire/src/Mechanisms/HandleComponents/HandleComponents.php(278): Livewire\\Mechanisms\\HandleComponents\\HandleComponents->getView(Object(App\\Livewire\\NotificationsBell))
#18 /Users/mac/Herd/kantinsmk-go/vendor/livewire/livewire/src/Mechanisms/HandleComponents/HandleComponents.php(54): Livewire\\Mechanisms\\HandleComponents\\HandleComponents->render(Object(App\\Livewire\\NotificationsBell), '<div></div>')
#19 /Users/mac/Herd/kantinsmk-go/vendor/livewire/livewire/src/LivewireManager.php(73): Livewire\\Mechanisms\\HandleComponents\\HandleComponents->mount('notifications-b...', Array, 'lw-2511592866-0')
#20 /Users/mac/Herd/kantinsmk-go/storage/framework/views/a7d2c64a1f0e7a2c1b1309ebd53fcac2.php(65): Livewire\\LivewireManager->mount('notifications-b...', Array, 'lw-2511592866-0')
#21 /Users/mac/Herd/kantinsmk-go/vendor/laravel/framework/src/Illuminate/Filesystem/Filesystem.php(123): require('/Users/mac/Herd...')
#22 /Users/mac/Herd/kantinsmk-go/vendor/laravel/framework/src/Illuminate/Filesystem/Filesystem.php(124): Illuminate\\Filesystem\\Filesystem::{closure:Illuminate\\Filesystem\\Filesystem::getRequire():120}()
#23 /Users/mac/Herd/kantinsmk-go/vendor/laravel/framework/src/Illuminate/View/Engines/PhpEngine.php(57): Illuminate\\Filesystem\\Filesystem->getRequire('/Users/mac/Herd...', Array)
#24 /Users/mac/Herd/kantinsmk-go/vendor/livewire/livewire/src/Mechanisms/ExtendBlade/ExtendedCompilerEngine.php(22): Illuminate\\View\\Engines\\PhpEngine->evaluatePath('/Users/mac/Herd...', Array)
#25 /Users/mac/Herd/kantinsmk-go/vendor/laravel/framework/src/Illuminate/View/Engines/CompilerEngine.php(76): Livewire\\Mechanisms\\ExtendBlade\\ExtendedCompilerEngine->evaluatePath('/Users/mac/Herd...', Array)
#26 /Users/mac/Herd/kantinsmk-go/vendor/livewire/livewire/src/Mechanisms/ExtendBlade/ExtendedCompilerEngine.php(10): Illuminate\\View\\Engines\\CompilerEngine->get('/Users/mac/Herd...', Array)
#27 /Users/mac/Herd/kantinsmk-go/vendor/laravel/framework/src/Illuminate/View/View.php(208): Livewire\\Mechanisms\\ExtendBlade\\ExtendedCompilerEngine->get('/Users/mac/Herd...', Array)
#28 /Users/mac/Herd/kantinsmk-go/vendor/laravel/framework/src/Illuminate/View/View.php(191): Illuminate\\View\\View->getContents()
#29 /Users/mac/Herd/kantinsmk-go/vendor/laravel/framework/src/Illuminate/View/View.php(160): Illuminate\\View\\View->renderContents()
#30 /Users/mac/Herd/kantinsmk-go/vendor/laravel/framework/src/Illuminate/View/Concerns/ManagesComponents.php(103): Illuminate\\View\\View->render()
#31 /Users/mac/Herd/kantinsmk-go/storage/framework/views/be4cc0ea6543f2b3e70e52f9b44fb008.php(17): Illuminate\\View\\Factory->renderComponent()
#32 /Users/mac/Herd/kantinsmk-go/vendor/laravel/framework/src/Illuminate/Filesystem/Filesystem.php(123): require('/Users/mac/Herd...')
#33 /Users/mac/Herd/kantinsmk-go/vendor/laravel/framework/src/Illuminate/Filesystem/Filesystem.php(124): Illuminate\\Filesystem\\Filesystem::{closure:Illuminate\\Filesystem\\Filesystem::getRequire():120}()
#34 /Users/mac/Herd/kantinsmk-go/vendor/laravel/framework/src/Illuminate/View/Engines/PhpEngine.php(57): Illuminate\\Filesystem\\Filesystem->getRequire('/Users/mac/Herd...', Array)
#35 /Users/mac/Herd/kantinsmk-go/vendor/livewire/livewire/src/Mechanisms/ExtendBlade/ExtendedCompilerEngine.php(22): Illuminate\\View\\Engines\\PhpEngine->evaluatePath('/Users/mac/Herd...', Array)
#36 /Users/mac/Herd/kantinsmk-go/vendor/laravel/framework/src/Illuminate/View/Engines/CompilerEngine.php(76): Livewire\\Mechanisms\\ExtendBlade\\ExtendedCompilerEngine->evaluatePath('/Users/mac/Herd...', Array)
#37 /Users/mac/Herd/kantinsmk-go/vendor/livewire/livewire/src/Mechanisms/ExtendBlade/ExtendedCompilerEngine.php(10): Illuminate\\View\\Engines\\CompilerEngine->get('/Users/mac/Herd...', Array)
#38 /Users/mac/Herd/kantinsmk-go/vendor/laravel/framework/src/Illuminate/View/View.php(208): Livewire\\Mechanisms\\ExtendBlade\\ExtendedCompilerEngine->get('/Users/mac/Herd...', Array)
#39 /Users/mac/Herd/kantinsmk-go/vendor/laravel/framework/src/Illuminate/View/View.php(191): Illuminate\\View\\View->getContents()
#40 /Users/mac/Herd/kantinsmk-go/vendor/laravel/framework/src/Illuminate/View/View.php(160): Illuminate\\View\\View->renderContents()
#41 /Users/mac/Herd/kantinsmk-go/vendor/laravel/framework/src/Illuminate/View/Compilers/BladeCompiler.php(353): Illuminate\\View\\View->render()
#42 /Users/mac/Herd/kantinsmk-go/vendor/laravel/framework/src/Illuminate/Support/Facades/Facade.php(363): Illuminate\\View\\Compilers\\BladeCompiler::render('    <?php $layo...', Array)
#43 /Users/mac/Herd/kantinsmk-go/vendor/livewire/livewire/src/Features/SupportPageComponents/SupportPageComponents.php(153): Illuminate\\Support\\Facades\\Facade::__callStatic('render', Array)
#44 /Users/mac/Herd/kantinsmk-go/vendor/livewire/livewire/src/Features/SupportPageComponents/HandlesPageComponents.php(24): Livewire\\Features\\SupportPageComponents\\SupportPageComponents::renderContentsIntoLayout('<div wire:snaps...', Object(Livewire\\Features\\SupportPageComponents\\PageComponentConfig))
#45 /Users/mac/Herd/kantinsmk-go/vendor/laravel/framework/src/Illuminate/Routing/ControllerDispatcher.php(46): Livewire\\Component->__invoke()
#46 /Users/mac/Herd/kantinsmk-go/vendor/laravel/framework/src/Illuminate/Routing/Route.php(265): Illuminate\\Routing\\ControllerDispatcher->dispatch(Object(Illuminate\\Routing\\Route), Object(App\\Livewire\\Buyer\\Catalog), '__invoke')
#47 /Users/mac/Herd/kantinsmk-go/vendor/laravel/framework/src/Illuminate/Routing/Route.php(211): Illuminate\\Routing\\Route->runController()
#48 /Users/mac/Herd/kantinsmk-go/vendor/laravel/framework/src/Illuminate/Routing/Router.php(822): Illuminate\\Routing\\Route->run()
#49 /Users/mac/Herd/kantinsmk-go/vendor/laravel/framework/src/Illuminate/Pipeline/Pipeline.php(180): Illuminate\\Routing\\Router->{closure:Illuminate\\Routing\\Router::runRouteWithinStack():821}(Object(Illuminate\\Http\\Request))
#50 /Users/mac/Herd/kantinsmk-go/app/Http/Middleware/EnsureRole.php(38): Illuminate\\Pipeline\\Pipeline->{closure:Illuminate\\Pipeline\\Pipeline::prepareDestination():178}(Object(Illuminate\\Http\\Request))
#51 /Users/mac/Herd/kantinsmk-go/vendor/laravel/framework/src/Illuminate/Pipeline/Pipeline.php(219): App\\Http\\Middleware\\EnsureRole->handle(Object(Illuminate\\Http\\Request), Object(Closure), 'user')
#52 /Users/mac/Herd/kantinsmk-go/vendor/laravel/framework/src/Illuminate/Routing/Middleware/SubstituteBindings.php(50): Illuminate\\Pipeline\\Pipeline->{closure:{closure:Illuminate\\Pipeline\\Pipeline::carry():194}:195}(Object(Illuminate\\Http\\Request))
#53 /Users/mac/Herd/kantinsmk-go/vendor/laravel/framework/src/Illuminate/Pipeline/Pipeline.php(219): Illuminate\\Routing\\Middleware\\SubstituteBindings->handle(Object(Illuminate\\Http\\Request), Object(Closure))
#54 /Users/mac/Herd/kantinsmk-go/vendor/laravel/framework/src/Illuminate/Auth/Middleware/Authenticate.php(63): Illuminate\\Pipeline\\Pipeline->{closure:{closure:Illuminate\\Pipeline\\Pipeline::carry():194}:195}(Object(Illuminate\\Http\\Request))
#55 /Users/mac/Herd/kantinsmk-go/vendor/laravel/framework/src/Illuminate/Pipeline/Pipeline.php(219): Illuminate\\Auth\\Middleware\\Authenticate->handle(Object(Illuminate\\Http\\Request), Object(Closure))
#56 /Users/mac/Herd/kantinsmk-go/vendor/laravel/framework/src/Illuminate/Foundation/Http/Middleware/VerifyCsrfToken.php(87): Illuminate\\Pipeline\\Pipeline->{closure:{closure:Illuminate\\Pipeline\\Pipeline::carry():194}:195}(Object(Illuminate\\Http\\Request))
#57 /Users/mac/Herd/kantinsmk-go/vendor/laravel/framework/src/Illuminate/Pipeline/Pipeline.php(219): Illuminate\\Foundation\\Http\\Middleware\\VerifyCsrfToken->handle(Object(Illuminate\\Http\\Request), Object(Closure))
#58 /Users/mac/Herd/kantinsmk-go/vendor/laravel/framework/src/Illuminate/View/Middleware/ShareErrorsFromSession.php(48): Illuminate\\Pipeline\\Pipeline->{closure:{closure:Illuminate\\Pipeline\\Pipeline::carry():194}:195}(Object(Illuminate\\Http\\Request))
#59 /Users/mac/Herd/kantinsmk-go/vendor/laravel/framework/src/Illuminate/Pipeline/Pipeline.php(219): Illuminate\\View\\Middleware\\ShareErrorsFromSession->handle(Object(Illuminate\\Http\\Request), Object(Closure))
#60 /Users/mac/Herd/kantinsmk-go/vendor/laravel/framework/src/Illuminate/Session/Middleware/StartSession.php(120): Illuminate\\Pipeline\\Pipeline->{closure:{closure:Illuminate\\Pipeline\\Pipeline::carry():194}:195}(Object(Illuminate\\Http\\Request))
#61 /Users/mac/Herd/kantinsmk-go/vendor/laravel/framework/src/Illuminate/Session/Middleware/StartSession.php(63): Illuminate\\Session\\Middleware\\StartSession->handleStatefulRequest(Object(Illuminate\\Http\\Request), Object(Illuminate\\Session\\Store), Object(Closure))
#62 /Users/mac/Herd/kantinsmk-go/vendor/laravel/framework/src/Illuminate/Pipeline/Pipeline.php(219): Illuminate\\Session\\Middleware\\StartSession->handle(Object(Illuminate\\Http\\Request), Object(Closure))
#63 /Users/mac/Herd/kantinsmk-go/vendor/laravel/framework/src/Illuminate/Cookie/Middleware/AddQueuedCookiesToResponse.php(36): Illuminate\\Pipeline\\Pipeline->{closure:{closure:Illuminate\\Pipeline\\Pipeline::carry():194}:195}(Object(Illuminate\\Http\\Request))
#64 /Users/mac/Herd/kantinsmk-go/vendor/laravel/framework/src/Illuminate/Pipeline/Pipeline.php(219): Illuminate\\Cookie\\Middleware\\AddQueuedCookiesToResponse->handle(Object(Illuminate\\Http\\Request), Object(Closure))
#65 /Users/mac/Herd/kantinsmk-go/vendor/laravel/framework/src/Illuminate/Cookie/Middleware/EncryptCookies.php(74): Illuminate\\Pipeline\\Pipeline->{closure:{closure:Illuminate\\Pipeline\\Pipeline::carry():194}:195}(Object(Illuminate\\Http\\Request))
#66 /Users/mac/Herd/kantinsmk-go/vendor/laravel/framework/src/Illuminate/Pipeline/Pipeline.php(219): Illuminate\\Cookie\\Middleware\\EncryptCookies->handle(Object(Illuminate\\Http\\Request), Object(Closure))
#67 /Users/mac/Herd/kantinsmk-go/vendor/laravel/framework/src/Illuminate/Pipeline/Pipeline.php(137): Illuminate\\Pipeline\\Pipeline->{closure:{closure:Illuminate\\Pipeline\\Pipeline::carry():194}:195}(Object(Illuminate\\Http\\Request))
#68 /Users/mac/Herd/kantinsmk-go/vendor/laravel/framework/src/Illuminate/Routing/Router.php(821): Illuminate\\Pipeline\\Pipeline->then(Object(Closure))
#69 /Users/mac/Herd/kantinsmk-go/vendor/laravel/framework/src/Illuminate/Routing/Router.php(800): Illuminate\\Routing\\Router->runRouteWithinStack(Object(Illuminate\\Routing\\Route), Object(Illuminate\\Http\\Request))
#70 /Users/mac/Herd/kantinsmk-go/vendor/laravel/framework/src/Illuminate/Routing/Router.php(764): Illuminate\\Routing\\Router->runRoute(Object(Illuminate\\Http\\Request), Object(Illuminate\\Routing\\Route))
#71 /Users/mac/Herd/kantinsmk-go/vendor/laravel/framework/src/Illuminate/Routing/Router.php(753): Illuminate\\Routing\\Router->dispatchToRoute(Object(Illuminate\\Http\\Request))
#72 /Users/mac/Herd/kantinsmk-go/vendor/laravel/framework/src/Illuminate/Foundation/Http/Kernel.php(200): Illuminate\\Routing\\Router->dispatch(Object(Illuminate\\Http\\Request))
#73 /Users/mac/Herd/kantinsmk-go/vendor/laravel/framework/src/Illuminate/Pipeline/Pipeline.php(180): Illuminate\\Foundation\\Http\\Kernel->{closure:Illuminate\\Foundation\\Http\\Kernel::dispatchToRouter():197}(Object(Illuminate\\Http\\Request))
#74 /Users/mac/Herd/kantinsmk-go/vendor/livewire/livewire/src/Features/SupportDisablingBackButtonCache/DisableBackButtonCacheMiddleware.php(19): Illuminate\\Pipeline\\Pipeline->{closure:Illuminate\\Pipeline\\Pipeline::prepareDestination():178}(Object(Illuminate\\Http\\Request))
#75 /Users/mac/Herd/kantinsmk-go/vendor/laravel/framework/src/Illuminate/Pipeline/Pipeline.php(219): Livewire\\Features\\SupportDisablingBackButtonCache\\DisableBackButtonCacheMiddleware->handle(Object(Illuminate\\Http\\Request), Object(Closure))
#76 /Users/mac/Herd/kantinsmk-go/vendor/laravel/framework/src/Illuminate/Foundation/Http/Middleware/TransformsRequest.php(21): Illuminate\\Pipeline\\Pipeline->{closure:{closure:Illuminate\\Pipeline\\Pipeline::carry():194}:195}(Object(Illuminate\\Http\\Request))
#77 /Users/mac/Herd/kantinsmk-go/vendor/laravel/framework/src/Illuminate/Foundation/Http/Middleware/ConvertEmptyStringsToNull.php(31): Illuminate\\Foundation\\Http\\Middleware\\TransformsRequest->handle(Object(Illuminate\\Http\\Request), Object(Closure))
#78 /Users/mac/Herd/kantinsmk-go/vendor/laravel/framework/src/Illuminate/Pipeline/Pipeline.php(219): Illuminate\\Foundation\\Http\\Middleware\\ConvertEmptyStringsToNull->handle(Object(Illuminate\\Http\\Request), Object(Closure))
#79 /Users/mac/Herd/kantinsmk-go/vendor/laravel/framework/src/Illuminate/Foundation/Http/Middleware/TransformsRequest.php(21): Illuminate\\Pipeline\\Pipeline->{closure:{closure:Illuminate\\Pipeline\\Pipeline::carry():194}:195}(Object(Illuminate\\Http\\Request))
#80 /Users/mac/Herd/kantinsmk-go/vendor/laravel/framework/src/Illuminate/Foundation/Http/Middleware/TrimStrings.php(51): Illuminate\\Foundation\\Http\\Middleware\\TransformsRequest->handle(Object(Illuminate\\Http\\Request), Object(Closure))
#81 /Users/mac/Herd/kantinsmk-go/vendor/laravel/framework/src/Illuminate/Pipeline/Pipeline.php(219): Illuminate\\Foundation\\Http\\Middleware\\TrimStrings->handle(Object(Illuminate\\Http\\Request), Object(Closure))
#82 /Users/mac/Herd/kantinsmk-go/vendor/laravel/framework/src/Illuminate/Http/Middleware/ValidatePostSize.php(27): Illuminate\\Pipeline\\Pipeline->{closure:{closure:Illuminate\\Pipeline\\Pipeline::carry():194}:195}(Object(Illuminate\\Http\\Request))
#83 /Users/mac/Herd/kantinsmk-go/vendor/laravel/framework/src/Illuminate/Pipeline/Pipeline.php(219): Illuminate\\Http\\Middleware\\ValidatePostSize->handle(Object(Illuminate\\Http\\Request), Object(Closure))
#84 /Users/mac/Herd/kantinsmk-go/vendor/laravel/framework/src/Illuminate/Foundation/Http/Middleware/PreventRequestsDuringMaintenance.php(109): Illuminate\\Pipeline\\Pipeline->{closure:{closure:Illuminate\\Pipeline\\Pipeline::carry():194}:195}(Object(Illuminate\\Http\\Request))
#85 /Users/mac/Herd/kantinsmk-go/vendor/laravel/framework/src/Illuminate/Pipeline/Pipeline.php(219): Illuminate\\Foundation\\Http\\Middleware\\PreventRequestsDuringMaintenance->handle(Object(Illuminate\\Http\\Request), Object(Closure))
#86 /Users/mac/Herd/kantinsmk-go/vendor/laravel/framework/src/Illuminate/Http/Middleware/HandleCors.php(61): Illuminate\\Pipeline\\Pipeline->{closure:{closure:Illuminate\\Pipeline\\Pipeline::carry():194}:195}(Object(Illuminate\\Http\\Request))
#87 /Users/mac/Herd/kantinsmk-go/vendor/laravel/framework/src/Illuminate/Pipeline/Pipeline.php(219): Illuminate\\Http\\Middleware\\HandleCors->handle(Object(Illuminate\\Http\\Request), Object(Closure))
#88 /Users/mac/Herd/kantinsmk-go/vendor/laravel/framework/src/Illuminate/Http/Middleware/TrustProxies.php(58): Illuminate\\Pipeline\\Pipeline->{closure:{closure:Illuminate\\Pipeline\\Pipeline::carry():194}:195}(Object(Illuminate\\Http\\Request))
#89 /Users/mac/Herd/kantinsmk-go/vendor/laravel/framework/src/Illuminate/Pipeline/Pipeline.php(219): Illuminate\\Http\\Middleware\\TrustProxies->handle(Object(Illuminate\\Http\\Request), Object(Closure))
#90 /Users/mac/Herd/kantinsmk-go/vendor/laravel/framework/src/Illuminate/Foundation/Http/Middleware/InvokeDeferredCallbacks.php(22): Illuminate\\Pipeline\\Pipeline->{closure:{closure:Illuminate\\Pipeline\\Pipeline::carry():194}:195}(Object(Illuminate\\Http\\Request))
#91 /Users/mac/Herd/kantinsmk-go/vendor/laravel/framework/src/Illuminate/Pipeline/Pipeline.php(219): Illuminate\\Foundation\\Http\\Middleware\\InvokeDeferredCallbacks->handle(Object(Illuminate\\Http\\Request), Object(Closure))
#92 /Users/mac/Herd/kantinsmk-go/vendor/laravel/framework/src/Illuminate/Http/Middleware/ValidatePathEncoding.php(26): Illuminate\\Pipeline\\Pipeline->{closure:{closure:Illuminate\\Pipeline\\Pipeline::carry():194}:195}(Object(Illuminate\\Http\\Request))
#93 /Users/mac/Herd/kantinsmk-go/vendor/laravel/framework/src/Illuminate/Pipeline/Pipeline.php(219): Illuminate\\Http\\Middleware\\ValidatePathEncoding->handle(Object(Illuminate\\Http\\Request), Object(Closure))
#94 /Users/mac/Herd/kantinsmk-go/vendor/laravel/framework/src/Illuminate/Pipeline/Pipeline.php(137): Illuminate\\Pipeline\\Pipeline->{closure:{closure:Illuminate\\Pipeline\\Pipeline::carry():194}:195}(Object(Illuminate\\Http\\Request))
#95 /Users/mac/Herd/kantinsmk-go/vendor/laravel/framework/src/Illuminate/Foundation/Http/Kernel.php(175): Illuminate\\Pipeline\\Pipeline->then(Object(Closure))
#96 /Users/mac/Herd/kantinsmk-go/vendor/laravel/framework/src/Illuminate/Foundation/Http/Kernel.php(144): Illuminate\\Foundation\\Http\\Kernel->sendRequestThroughRouter(Object(Illuminate\\Http\\Request))
#97 /Users/mac/Herd/kantinsmk-go/vendor/laravel/framework/src/Illuminate/Foundation/Application.php(1220): Illuminate\\Foundation\\Http\\Kernel->handle(Object(Illuminate\\Http\\Request))
#98 /Users/mac/Herd/kantinsmk-go/public/index.php(17): Illuminate\\Foundation\\Application->handleRequest(Object(Illuminate\\Http\\Request))
#99 /Applications/Herd.app/Contents/Resources/valet/server.php(168): require('/Users/mac/Herd...')
#100 {main}
"} 
